customer_id,age,income,region,risk_score,previous_claims,market_volatility,competitor_price,base_price,price_multiplier,price,price_sensitivity,conversion_probability,conversion,cost,revenue,profit,retention_probability,clv,risk_category
0,52.450712295168486,29381.48987585667,Urban,57.96182897964359,0,0.07394644992075322,458.8818161725782,1065.1426201193592,1.1,1171.6568821312953,0.017401436252407813,1.0,1,514.9867318824162,1171.6568821312953,656.6701502488792,0.95,1873.151603584928,Medium
1,42.92603548243223,28949.058063584747,Urban,15.20015685852265,1,0.12738043443139666,813.1828446379832,766.1855565132685,1.1,842.8041121645954,0.01836753965587446,1.0,1,473.10648229939136,842.8041121645954,369.697629865204,0.95,1054.5624891904945,Low
2,54.715328071510385,20000.0,Urban,16.423653665801353,2,0.09166879686150628,1289.148674240626,994.849013804033,1.1,1094.3339151844364,0.028256981488135803,1.0,1,546.6189163927162,1094.3339151844364,547.7149987917202,0.95,1562.3570340533818,Low
3,67.84544784612038,30790.297532311903,Urban,49.093389240786486,0,0.18133991553877601,607.7617856334174,1122.7514497422542,0.8,898.2011597938034,0.016593019943680294,0.0,0,495.67746048180646,0.0,-0.0,0.95,-0.0,Medium
4,41.48769937914996,52387.04154210097,Suburban,31.86779073551067,0,0.20970282676879096,735.5746115220604,680.6062115458076,0.9,612.5455903912268,-0.0038529168722107924,1.0,1,480.9408975778643,612.5455903912268,131.60469281336253,0.95,375.40238625011665,Low
5,41.487945645762295,20000.0,Urban,33.94228131277904,0,0.08469472017179157,859.5864980082837,841.3696411482131,1.2,1009.6435693778557,0.027634596370594733,1.0,1,487.59194260225024,1009.6435693778557,522.0516267756054,0.95,1489.1522653774146,Medium
6,68.68819223261087,61343.30557021588,Urban,17.415239617965458,1,0.057650481804012804,692.2163665858625,1000.7298490993214,0.9,900.6568641893894,-0.013099884351795058,1.0,1,523.8977188295462,900.6568641893894,376.75914535984316,0.95,1074.7054621389527,Low
7,56.51152093729363,46345.86759728372,Suburban,33.70626079074828,2,0.01183799916004459,931.0713881410381,1071.2716373899525,0.8,857.017309911962,0.0017195958068406687,5.239778035286603e-161,0,584.7651850803184,0.0,-0.0,0.95,-0.0,Medium
8,37.95788421097572,25156.795529598556,Urban,19.946363604471564,0,0.19139023700070362,942.178519513426,735.4732415415849,0.8,588.3785932332679,0.023493411677679557,0.0,0,449.54304644152086,0.0,-0.0,0.95,-0.0,Low
9,53.13840065378947,33834.46313297118,Suburban,33.1790569565679,0,0.06380331842929113,1108.3048080726528,833.1727727615864,1.2,999.8073273139037,0.013872911064904445,1.0,1,502.8267436773905,999.8073273139037,496.9805836365132,0.95,1417.637114823154,Medium
10,38.04873460781307,80753.84885762355,Suburban,40.216539455738484,0,0.07298576964916506,909.993889324339,769.5630296594575,0.9,692.6067266935117,-0.032053746117079854,1.0,1,503.14136240007815,692.6067266935117,189.4653642934336,0.95,540.4499516470194,Medium
11,38.01405369644615,52405.87103853407,Urban,23.65228872789524,0,0.06501758084426183,733.9403280797004,879.3845060955942,1.1,967.3229567051537,-0.004092603250010042,3.041093263539532e-157,0,449.1297849067482,0.0,-0.0,0.95,-0.0,Low
12,48.629434073490515,36475.34483839883,Suburban,53.31834003559931,0,0.0836667347338177,973.6480019721714,931.5656696486755,1.1,1024.7222366135431,0.01175198469333765,1.0,1,500.65686163286585,1024.7222366135431,524.0653749806772,0.95,1494.8964821323818,Medium
13,18.0,32246.292085456127,Suburban,36.840257794538125,1,0.0761527866020051,791.9385072336079,827.6687842627309,1.1,910.4356626890041,0.016124492637610035,1.0,1,548.0108758540248,910.4356626890041,362.4247868349793,0.95,1033.8167044467784,Medium
14,19.126232512304508,37733.536306864546,Urban,24.799643453050887,0,0.1413397832599938,724.5935872066706,569.7484110150085,0.9,512.7735699135077,0.011406276254345371,8.640428115343224e-283,0,441.9042709074743,0.0,-0.0,0.95,-0.0,Low
15,36.56568706138541,28116.6785241098,Urban,66.70192944789103,0,0.01,717.2613129046898,1144.7481439039047,1.0,1144.7481439039047,0.018776198916932687,0.1148124970261313,0,541.7940105192523,0.0,-0.0,0.95,-0.0,High
16,29.80753319498364,20000.0,Suburban,7.550201569666726,1,0.09061848688552379,701.1704872437665,640.4196756531122,1.2,768.5036107837346,0.030141445355351657,1.0,1,433.85905033131866,768.5036107837346,334.644560452416,0.95,954.5736086905166,Low
17,49.71370998892911,100819.69024420751,Rural,15.989887852894924,0,0.13589966909232143,1017.8542274894014,601.7421653004978,1.1,661.9163818305477,-0.051963206149843975,0.0,0,428.3858173225759,0.0,-0.0,0.95,-0.0,Low
18,31.37963886718184,39248.26426165457,Suburban,35.66272997839773,2,0.06548031356129971,1014.8972876152358,926.7451614093934,0.8,741.3961291275148,0.009747551585278978,0.0,0,600.1191490382982,0.0,-0.0,0.95,-0.0,Medium
19,23.815444479970626,44314.78433664817,Urban,30.34097554191275,1,0.12941609142053376,856.4260828093902,915.2795720204447,0.9,823.7516148184002,0.00451770122938489,2.532924638201074e-180,0,489.9040937463223,0.0,-0.0,0.95,-0.0,Low
20,66.98473153382331,35279.10442647922,Suburban,2.623306146962586,1,0.10447508058695239,710.8731513743975,683.4391095477049,0.9,615.0951985929345,0.013838186152825357,0.0,0,470.60214514760617,0.0,-0.0,0.95,-0.0,Low
21,41.61335549270196,25145.685236527283,Suburban,24.522309607568797,0,0.06411011169223158,837.5633630039205,722.357508492943,0.9,650.1217576436487,0.024335794075111352,0.0,0,405.5766646532162,0.0,-0.0,0.95,-0.0,Low
22,46.012923070318855,33091.69950004508,Suburban,37.92404724808026,1,0.01,652.9938617286166,878.2114151939584,1.0,878.2114151939584,0.01561327620015545,0.201746292629456,0,551.1588448024125,0.0,-0.0,0.95,-0.0,Medium
23,23.628777206798148,20000.0,Suburban,26.713037854010853,0,0.12032654923215495,781.5346185363934,667.0325068293015,0.9,600.3292561463713,0.029046441348389296,0.0,0,437.58038028590994,0.0,-0.0,0.95,-0.0,Low
24,36.834259132122256,113384.87103963274,Suburban,49.44033426048644,0,0.11591524196488295,497.6746786742569,943.924080368173,1.2,1132.7088964418076,-0.06505651888587553,0.0,0,492.0280704482655,0.0,-0.0,0.95,-0.0,Medium
25,46.663838845647994,20000.0,Rural,18.236737772499538,0,0.06296860110508515,777.2134163677173,568.6306732701739,1.0,568.6306732701739,0.02881044210477389,0.4079725706931105,1,464.73162619123104,568.6306732701739,103.89904707894289,0.95,296.3720317926846,Low
26,27.735096338665457,21677.212185951677,Suburban,55.41385003787545,0,0.13799434122111323,974.2982724013506,921.0291776409534,1.0,921.0291776409534,0.026947093025484904,0.23201458824686702,1,503.29440018211136,921.0291776409534,417.7347774588421,0.95,1191.588452701347,Medium
27,50.63547027518508,29140.096688358986,Suburban,22.066688120702953,0,0.0757468900755887,693.5386760726499,760.8923544644647,1.0,760.8923544644647,0.01894393376798894,0.2989401730615684,0,462.85585936539525,0.0,-0.0,0.95,-0.0,Low
28,35.99041965121793,69150.31292750464,Urban,40.21038482003802,1,0.15172167992307958,1005.8068128907671,919.4150926096531,0.9,827.4735833486878,-0.02144001716236114,1.0,1,544.5029667664548,827.4735833486878,282.970616582233,0.95,807.1736838008196,Medium
29,40.62459375310085,36579.91139187837,Rural,18.266274769317636,1,0.11515008528504103,922.613792647893,755.3929791392262,1.1,830.9322770531489,0.01235327974705394,1.0,1,511.16224553603706,830.9322770531489,319.7700315171119,0.95,912.1440149025616,Low
30,35.97440081655905,20000.0,Rural,69.00960285249987,0,0.17399985590122397,887.1707655871799,1000.1880608769012,0.9,900.1692547892111,0.027347427650246933,0.0,0,557.68756947115,0.0,-0.0,0.95,-0.0,High
31,72.78417276763406,67993.62164215074,Urban,19.347723282851913,1,0.11815069644157249,687.4534138910792,1036.3042480185693,1.1,1139.9346728204264,-0.019675613175356557,0.0,0,486.4693190242633,0.0,-0.0,0.95,-0.0,Low
32,44.79754162893099,52339.169753317285,Suburban,48.032221646040576,0,0.10140123232671094,618.044448606106,794.0023093767662,1.0,794.0023093767662,-0.004403260813705897,0.22484102224075958,0,519.6404337564252,0.0,-0.0,0.95,-0.0,Medium
33,29.134336065661493,47534.80595373663,Urban,26.53697818182998,0,0.01,1000.7194604951166,809.9877558050752,0.8,647.9902046440602,-4.560676991276246e-05,0.9996798114338736,1,458.0814002167014,647.9902046440602,189.9088044273588,0.95,541.714864629041,Low
34,57.338173681547836,51941.175694355334,Suburban,64.42464035490147,0,0.10268379944175886,564.8258705471592,1064.6193033466473,0.8,851.6954426773178,-0.00465549396211739,1.0,1,533.6467650920455,851.6954426773178,318.04867758527234,0.95,907.2338528119893,Medium
35,26.687345250434667,120232.29597274876,Suburban,14.285405597487538,1,0.08803861582534321,721.8522599724673,584.9773927480137,0.8,467.981914198411,-0.0708542163033658,1.0,1,512.9359332067523,467.981914198411,-44.954019008341334,0.95,-128.23133922129367,Low
36,48.132953925071334,108287.76436472542,Urban,38.412046272357145,0,0.1807581285746945,849.2544455374593,988.7774930408852,1.1,1087.6552423449739,-0.06110849957431807,0.0,0,483.68843966341683,0.0,-0.0,0.95,-0.0,Medium
37,18.0,25761.65251269675,Rural,63.045508452011845,1,0.11067338522454233,1282.9519752132717,1025.7931939825733,0.9,923.2138745843159,0.021766742890023554,0.0,0,573.4498857474831,0.0,-0.0,0.95,-0.0,Medium
38,25.077209266523543,81792.63618951842,Urban,28.62645608906528,2,0.13912542711755518,943.5373777614782,963.0921618075989,1.2,1155.7105941691186,-0.03340639102530496,0.0,0,590.6572167533825,0.0,-0.0,0.95,-0.0,Low
39,47.952918538036855,43984.12687090603,Suburban,30.961603945855376,0,0.17019440836216387,667.6103818843587,786.7600088631469,1.0,786.7600088631469,0.003708665065084356,0.2888126656480716,0,462.78174009391415,0.0,-0.0,0.95,-0.0,Low
40,56.07699869993115,46608.952158482796,Suburban,23.221857421264072,0,0.16697610180360267,796.4685240466364,752.380227087962,0.8,601.9041816703697,0.002099223323928711,5.488884027448197e-138,0,424.6630167047576,0.0,-0.0,0.95,-0.0,Low
41,47.57052421784956,20000.0,Urban,3.635886446926341,1,0.09564990917565866,753.3295318397883,685.509651275255,1.2,822.611581530306,0.027371818931772485,1.0,1,426.0711320958372,822.611581530306,396.5404494344688,0.95,1131.1316320118224,Low
42,43.265275764176394,33349.80210042427,Urban,8.276845171853779,1,0.20644628304674717,865.5702494853017,775.2187914566772,1.2,930.2625497480126,0.01523953097600305,1.0,1,464.1817191911107,930.2625497480126,466.0808305569019,0.95,1329.4955691635628,Low
43,40.48344456616067,24187.426350615737,Urban,42.58036322996074,0,0.07469553796709973,999.5304376662098,1015.4242617004165,0.8,812.3394093603333,0.02345950702691657,0.0,0,475.58855658032195,0.0,-0.0,0.95,-0.0,Medium
44,22.822170144488588,54941.78271091099,Suburban,21.308584133683706,0,0.16652437245562357,676.2258943660183,628.4002004923271,0.9,565.5601804430944,-0.005329067340551801,1.0,1,463.40011780747005,565.5601804430944,102.16006263562434,0.95,291.41157866811847,Low
45,34.20233687407937,62040.349466778156,Suburban,15.748862281631293,0,0.06267143959659727,838.9587658029802,555.8287142272025,1.1,611.4115856499227,-0.014222173908497882,0.0,0,420.524694096294,0.0,-0.0,0.95,-0.0,Low
46,38.09041843560319,20000.0,Urban,83.33727587571063,0,0.14300149114826255,995.3024396743208,1280.6549128412628,1.2,1536.7858954095152,0.02657926845710795,1.0,1,540.9752644575489,1536.7858954095152,995.8106309519663,0.95,2840.549824790484,High
47,60.856833393283736,35917.59507780671,Urban,10.685249013809836,0,0.051809864892711936,560.4017125667717,763.2338265817243,1.2,915.8805918980692,0.012469049695079523,1.0,1,421.49394810506135,915.8805918980692,494.3866437930078,0.95,1410.2379014195549,Low
48,50.15427434352692,63635.753441013614,Urban,20.33701775674228,0,0.13093679874996778,772.3824913049187,831.7814329761443,0.8,665.4251463809155,-0.015618112617347935,1.0,1,408.7392038860839,665.4251463809155,256.68594249483164,0.95,732.1966509665073,Low
49,18.55439766955899,33079.21831909863,Suburban,2.3036281931542213,0,0.05730360482649541,726.4276844146331,399.7557463926234,1.1,439.7313210318858,0.015889561520986136,1.0,1,405.6975560753011,439.7313210318858,34.03376495658466,0.95,97.08131453865775,Low
50,49.86125954092192,52288.50428262314,Suburban,10.483513092782488,0,0.04816272986652818,796.10652601377,664.1234565833082,1.1,730.5358022416391,-0.004431022920076662,1.4940663167466075e-128,0,421.6096485153318,0.0,-0.0,0.95,-0.0,Low
51,39.22376579375525,43285.92198740356,Urban,39.97747972020967,0,0.05168450149583739,356.2904363950698,845.2036051770467,1.1,929.7239656947514,0.004682579398685311,1.0,1,472.98866377599825,929.7239656947514,456.7353019187532,0.95,1302.8374487232434,Medium
52,34.84616999541062,43080.68862663772,Suburban,24.851842544755918,0,0.12489893588374289,659.27348247204,708.4482617145319,1.0,708.4482617145319,0.006656066018284041,0.3732446445703487,1,424.1693283102516,708.4482617145319,284.2789334042803,0.95,810.9056575357096,Low
53,54.175144332613016,31708.57763017652,Urban,37.979956064730594,0,0.12472441705769896,377.88988674411604,899.1182442804999,0.9,809.2064198524499,0.015571419114257681,0.0,0,462.3090256371623,0.0,-0.0,0.95,-0.0,Medium
54,60.46499283743927,20000.0,Rural,52.41097542403394,1,0.12450981299727593,586.7683539699617,1051.914818365888,1.1,1157.106300202477,0.027834934218372586,1.0,1,551.2283387034736,1157.106300202477,605.8779614990035,0.95,1728.2668851759074,Medium
55,58.96920178674298,20727.879861804126,Rural,20.040416966047744,1,0.11106662130450076,826.9642495366404,833.2218815837123,1.1,916.5440697420836,0.027907410188646,1.0,1,464.64487753678463,916.5440697420836,451.89919220529896,0.95,1289.0424457656152,Low
56,32.41173715166042,51775.70264142234,Suburban,9.782803860234104,1,0.07579797509668726,882.0267664594086,654.5674395489903,1.0,654.5674395489903,-0.0030453300011194164,0.6112558488977929,1,476.93405121827504,654.5674395489903,177.6333883307152,0.95,506.69924021336516,Low
57,40.36181436223178,36670.54516572396,Rural,27.741958776141693,0,0.0639290080762317,721.1768363047275,542.4204073136325,1.0,542.4204073136325,0.011799590856906763,0.4363548644756852,1,466.03494878888046,542.4204073136325,76.38545852475204,0.95,217.88952044185518,Low
58,49.96895147105346,33885.54759029998,Rural,31.95628062893657,0,0.04824741047236131,377.4944967238958,721.5887322521719,0.9,649.4298590269548,0.013907687612381292,0.0,0,465.6472758982391,0.0,-0.0,0.95,-0.0,Low
59,59.63317690683539,29379.57484835605,Rural,34.07640709815091,0,0.04525137948033739,682.6475037232419,836.448579846781,1.0,836.448579846781,0.01809928876386871,0.20565404468161377,0,452.71147990078464,0.0,-0.0,0.95,-0.0,Medium
60,37.81238643232065,31176.053942042523,Suburban,71.74534728998461,0,0.16065150475720927,549.0200526650117,1045.9419390133073,0.8,836.7535512106459,0.017212577208230807,0.0,0,538.5401827251742,0.0,-0.0,0.95,-0.0,High
61,42.215115350042744,61295.14371947288,Urban,68.41255134043264,1,0.047057700052160326,748.968755037992,1296.4671168634068,0.8,1037.1736934907256,-0.014196962154888637,1.0,1,616.5065140560794,1037.1736934907256,420.6671794346462,0.95,1199.9531293373282,High
62,28.404975389909577,30711.054772444964,Urban,28.148190042375642,0,0.05339299492540234,819.232178855605,820.7995186556158,1.1,902.8794705211774,0.017666335995746376,1.0,1,467.92338395142815,902.8794705211774,434.95608656974923,0.95,1240.7122369402098,Low
63,27.056900638789937,20000.0,Urban,20.63761086027018,1,0.05009162965983758,477.6957253841828,725.4153169921522,1.1,797.9568486913674,0.028485930910290242,1.0,1,488.01299233396884,797.9568486913674,309.9438563573986,0.95,884.1148502594796,Low
64,57.18788733591297,52671.294396568956,Suburban,14.93444574870301,0,0.033665025727186534,723.332689273923,607.3170298035474,1.1,668.0487327839022,-0.004568922560115316,2.4605190347885433e-121,0,443.71411045408126,0.0,-0.0,0.95,-0.0,Low
65,65.34360042856234,32779.60060336791,Urban,47.6632627234823,0,0.11523262505082513,359.331342306056,997.2558619784686,1.2,1196.7070343741623,0.013911191957070683,1.0,1,451.49114010570975,1196.7070343741623,745.2158942684525,0.95,2125.728338400761,Medium
66,43.91984817629499,36890.079024944986,Urban,15.60806538894896,0,0.07320417081943083,761.4846976193023,737.8676371795716,0.9,664.0808734616145,0.011000121449076918,0.0,0,481.51413958502707,0.0,-0.0,0.95,-0.0,Low
67,60.052993468380365,81128.46404601712,Suburban,41.78036957809525,0,0.0918100382810589,760.7263850227907,959.3396522697975,0.9,863.4056870428178,-0.03300345126282607,1.0,1,459.2811730776809,863.4056870428178,404.12451396513694,0.95,1152.765176085553,Medium
68,50.424540375714514,35944.0816136315,Urban,34.00964655809091,0,0.09417333294404916,498.1583066323836,881.3648447563609,1.0,881.3648447563609,0.011407826569579374,0.2115044552693126,1,473.4949552161228,881.3648447563609,407.8698895402381,0.95,1163.448859913529,Medium
69,35.323203680923136,41965.02602008883,Suburban,18.70732874632717,0,0.1144332355291931,510.8291982346938,522.4060510103765,1.0,522.4060510103765,0.0065237231386906114,0.4162648772489167,0,419.20068359215657,0.0,-0.0,0.95,-0.0,Low
70,50.42093408262621,20141.512330674945,Rural,30.0817216886066,0,0.10506361090615202,1153.103270321872,784.9265014227608,1.0,784.9265014227608,0.027197907556851492,0.4196743758831104,0,438.37571506528224,0.0,-0.0,0.95,-0.0,Low
71,68.07054849698955,32538.04417867534,Suburban,25.04214620875927,0,0.15918991491939388,868.1984891334448,841.3306427144707,1.1,925.4637069859178,0.01571091563462857,1.0,1,470.86831549187525,925.4637069859178,454.5953914940426,0.95,1296.7333542367564,Low
72,44.46260941335073,49254.845256524786,Suburban,18.77313165990379,2,0.06660451569482598,660.2139665962004,861.4898235108217,0.9,775.3408411597395,-0.0005871341342602652,1.0,1,535.0451431718062,775.3408411597395,240.2956979879333,0.95,685.4434785105798,Low
73,68.4696548372101,20000.0,Suburban,15.628206505825343,0,0.07039366274995171,733.7602133055389,843.2318511329986,1.0,843.2318511329986,0.028450790777464784,0.23606972419325828,0,434.6026748223343,0.0,-0.0,0.95,-0.0,Low
74,18.0,40151.79985173617,Suburban,38.115204841661175,0,0.09555361380016653,561.9023672072708,706.0455264740717,1.0,706.0455264740717,0.007851720476235646,0.30147828323323506,0,482.3670710472065,0.0,-0.0,0.95,-0.0,Medium
75,57.32853756562836,38192.541862154794,Urban,20.30580292602701,0,0.09633574580260386,844.6381937776197,840.6745485482529,0.8,672.5396388386024,0.009284936827481929,0.0,0,452.6040521602965,0.0,-0.0,0.95,-0.0,Low
76,46.30570602357257,37072.981721137054,Rural,18.828370198868953,0,0.025853444278136378,776.8320328247813,557.2398303958992,1.1,612.9638134354891,0.010991559730140722,1.0,1,448.14100523118,612.9638134354891,164.82280820430913,0.95,470.1570604027918,Low
77,40.51488974301199,60996.968751911896,Urban,19.22809649989573,0,0.02116736233415363,945.8707640274151,834.3264694150552,0.8,667.4611755320442,-0.013048983707100408,1.0,1,455.87930870750984,667.4611755320442,211.58186682453436,0.95,603.5372751169842,Low
78,46.37641164803254,42925.41086541107,Urban,28.041777274694507,0,0.09296118760756668,1005.2391888095685,782.7082816272497,1.0,782.7082816272497,0.004643788091925383,0.5359833442661182,0,419.1762717266661,0.0,-0.0,0.95,-0.0,Low
79,18.0,76041.60845887958,Suburban,49.06665290719497,3,0.16928988560743086,1069.8240254370044,1093.039782327779,0.9,983.7358040950011,-0.027047410267641264,1.0,1,632.4487103462927,983.7358040950011,351.28709374870834,0.95,1002.0464349181906,Medium
80,41.70492168243732,22097.17921884032,Urban,18.586875242054344,1,0.17423776388773599,971.9632865233357,806.6199097758333,0.8,645.2959278206667,0.026966558990705193,0.0,0,469.0572059428221,0.0,-0.0,0.95,-0.0,Low
81,50.3566885726762,38869.388181799186,Urban,26.99572226144365,0,0.04413961579168382,756.6903542851758,836.9043347730161,0.9,753.2139012957145,0.009489552466313757,0.0,0,475.0015338983448,0.0,-0.0,0.95,-0.0,Low
82,67.16841067112274,37882.077619474956,Urban,51.40219512416863,3,0.07847484121669905,528.3502232752726,1409.150279779371,1.0,1409.150279779371,0.00941742918319654,0.05731874164591852,0,667.9406017299247,0.0,-0.0,0.95,-0.0,Medium
83,37.22594672589529,21276.80418970712,Urban,23.24194681518848,0,0.10812610677155618,741.2705525623662,692.5483533439798,1.2,831.0580240127757,0.026677264754819338,1.0,1,459.6592021192194,831.0580240127757,371.3988218935563,0.95,1059.4151394513694,Low
84,32.87259595660218,58579.934429330766,Urban,15.086770962091034,1,0.11519585446350292,790.3006924711689,657.4871246489794,1.0,657.4871246489794,-0.010681103532828484,0.625825746590062,1,461.70021376866436,657.4871246489794,195.78691088031502,0.95,558.4821632860986,Low
85,37.47364434623195,116115.03420974668,Urban,24.25000579633629,1,0.0513198009577017,879.0591048924275,842.5751211836248,1.2,1011.0901454203497,-0.06799172189921178,0.0,0,474.51769497460145,0.0,-0.0,0.95,-0.0,Low
86,58.731031765531114,36008.019724659054,Suburban,36.624689284620665,0,0.18512426441594937,687.7795783708168,801.3424463945992,1.2,961.610935673519,0.012040652827850247,1.0,1,439.9876736515294,961.610935673519,521.6232620219896,0.95,1487.9303549177253,Medium
87,49.93126664489527,46747.24227172817,Rural,18.092125188740166,0,0.07148700957511457,559.7652513746148,567.1994960781367,0.8,453.7595968625094,0.0013245028980152695,4.647656641974449e-66,0,443.07864137622806,0.0,-0.0,0.95,-0.0,Low
88,37.05359694349442,37883.05668353889,Urban,26.131155116635224,1,0.11844462390796656,851.2260500512729,879.0869648002217,0.8,703.2695718401774,0.009778113584376217,0.0,0,471.66758675574573,0.0,-0.0,0.95,-0.0,Low
89,52.699011496700344,25417.867867524008,Rural,43.26867678562424,0,0.08353683370350808,1283.4440977558825,976.6092765859045,0.9,878.948348927314,0.02166684933584312,0.0,0,501.44103018736024,0.0,-0.0,0.95,-0.0,Medium
90,46.456163240220604,20000.0,Urban,34.717905829407066,1,0.08378241492473634,1085.3420177897256,1000.614772113552,0.9,900.5532949021969,0.027282969883989705,0.0,0,505.6611610018024,0.0,-0.0,0.95,-0.0,Medium
91,59.52967485799334,25517.33383503803,Urban,3.902327519923201,2,0.13783512846173274,1038.2009896930742,918.732955895481,1.0,918.732955895481,0.02295857507399902,0.5073145420471445,1,497.4579368919604,918.732955895481,421.27501900352064,0.95,1201.6869917075426,Low
92,34.469203591839715,20000.0,Urban,44.51338590052547,0,0.14924895380703226,726.15012021668,907.8388189810851,0.8,726.2710551848681,0.028231523394223423,0.0,0,483.06691117177013,0.0,-0.0,0.95,-0.0,Medium
93,40.085067801033475,85139.89780204235,Suburban,15.135742473318931,1,0.1340371021502346,649.7514511563082,738.0947736200967,1.0,738.0947736200967,-0.03612973196408816,0.47150197061258775,1,455.15121805980505,738.0947736200967,282.94355556029166,0.95,807.096492235732,Low
94,39.118377703017636,34284.380589468696,Suburban,16.23215503731913,0,0.055841405822911715,952.4445354336899,662.1959092271283,1.0,662.1959092271283,0.01419816496028042,0.5438877169565564,1,450.5727336307796,662.1959092271283,211.62317559634863,0.95,603.6551083885845,Low
95,23.04727577801822,30547.567427135484,Suburban,29.42560390345112,0,0.03272047668909708,1052.1367333382748,572.9681353400276,1.1,630.2649488740304,0.017251479379369248,1.0,1,436.19522506420435,630.2649488740304,194.0697238098261,0.95,553.5838871675289,Low
96,49.44180415596864,56646.01458257033,Suburban,36.63024948594578,0,0.23301576536416632,747.5183739456634,778.4259971178427,1.0,778.4259971178427,-0.009021124192296351,0.3259766582532741,1,467.8091575553565,778.4259971178427,310.61683956248623,0.95,886.034534851992,Medium
97,48.91582908269834,20725.590019481868,Suburban,66.74308920608222,0,0.11534863683539354,683.1275820252426,1114.2955459412833,1.2,1337.1546551295398,0.027121068134078368,1.0,1,553.674549880357,1337.1546551295398,783.4801052491829,0.95,2234.877000223294,High
98,45.07670184963691,24749.68352379536,Suburban,12.297821597686925,0,0.055106852099804565,692.6851318998459,579.4429551632848,1.1,637.3872506796133,0.02420701496187419,1.0,1,385.9158901578848,637.3872506796133,251.4713605217285,0.95,717.3220558882306,Low
99,41.481192999372794,37572.817707492184,Rural,33.04205956732435,0,0.14711082812614962,842.8727794489423,767.9427219628955,1.2,921.5312663554745,0.01047626481736141,1.0,1,438.9743299935666,921.5312663554745,482.5569363619079,0.95,1376.4936609723422,Medium
100,23.769438869243785,60741.62524872627,Urban,40.3602069426139,0,0.054705297183237044,786.6996028001804,872.3339060061204,1.1,959.5672966067325,-0.0130395047262158,0.0,0,470.31685188942953,0.0,-0.0,0.95,-0.0,Medium
101,38.69032015851961,46669.33186028634,Urban,23.168625451913936,0,0.19842105194330953,802.9189050059138,661.6038281815231,1.0,661.6038281815231,0.002393331049207215,0.5493108315042458,0,445.199155240069,0.0,-0.0,0.95,-0.0,Low
102,39.85928225209846,41116.40919361293,Suburban,55.41673014893483,0,0.07961412284079979,1048.4928820459527,878.7707332449593,0.9,790.8936599204634,0.005945820870273772,6.67605853309949e-228,0,521.936804793116,0.0,-0.0,0.95,-0.0,Medium
103,32.96584096167572,37762.01067379071,Suburban,65.13115984074744,1,0.14294430610587486,973.1693981825529,1080.3104727658042,0.8,864.2483782126434,0.010060770382041602,0.0,0,582.536956399707,0.0,-0.0,0.95,-0.0,Medium
104,42.580714325009865,44361.08622552618,Urban,33.65157373652211,1,0.09775551809346071,765.0674858516178,993.084419317983,0.8,794.4675354543865,0.0028829787603536225,1.3743235324204824e-249,0,526.3138646401708,0.0,-0.0,0.95,-0.0,Medium
105,51.060762852218076,40168.02068050357,Urban,8.921466287216026,0,0.023794057474320188,799.8059480319962,707.3015656725543,0.8,565.8412525380435,0.007516540512979434,0.0,0,424.956599836714,0.0,-0.0,0.95,-0.0,Low
106,73.29278851815795,21698.83524216129,Suburban,8.578162374759936,1,0.05080277389442722,1002.8457428082746,837.7950030567699,0.9,754.015502751093,0.027055242680123482,0.0,0,477.9740633495982,0.0,-0.0,0.95,-0.0,Low
107,47.61866719247759,37161.91073787044,Suburban,30.96400210783673,0,0.06162198164682241,905.6988308802419,791.8291351399929,1.1,871.0120486539922,0.012041002638156804,1.0,1,434.5895521922319,871.0120486539922,436.4224964617603,0.95,1244.8951711571713,Low
108,48.86325586084146,21229.68401171595,Urban,34.97984336592454,0,0.06575899052215142,1129.6226975932384,944.1977564361068,0.9,849.7779807924961,0.026841008604028556,0.0,0,459.5540679774871,0.0,-0.0,0.95,-0.0,Medium
109,43.883311263507494,37818.03073505077,Rural,50.877014062796775,0,0.10937341608002256,935.2973424216868,882.1084556153985,0.9,793.8976100538587,0.010957085279814422,0.0,0,498.6690755197619,0.0,-0.0,0.95,-0.0,Medium
110,18.0,28557.53288820031,Suburban,28.950626474935838,0,0.01,851.7318808605746,501.0977580651895,0.8,400.87820645215163,0.01916744725464982,0.0,0,461.4245833000906,0.0,-0.0,0.95,-0.0,Low
111,44.602291868261744,129274.17446890495,Suburban,24.360635179347316,0,0.10971369774004945,701.5731730630858,695.4029309804151,1.0,695.4029309804151,-0.08051169897359202,0.5135119906556072,1,442.67009795557993,695.4029309804151,252.7328330248352,0.95,720.9204062033424,Low
112,45.9034531491154,35598.28737090772,Suburban,31.43175418310727,0,0.01,486.15589058023477,727.1121328868653,1.1,799.8233461755519,0.013216902671820189,1.0,1,457.82412114278907,799.8233461755519,341.99922503276287,0.95,975.5527894059561,Low
113,80.0,20000.0,Rural,27.67856616082314,2,0.11789678991370384,1012.0885912896963,1031.2614758377367,1.2,1237.513771005284,0.027974230491055976,1.0,1,545.318642701423,1237.513771005284,692.1951283038611,0.95,1974.486603486764,Low
114,42.114585528283165,33959.023807893966,Urban,20.01068160418923,1,0.05997256293804956,1014.2929760783115,847.17967209367,1.0,847.17967209367,0.014584951531329212,0.5298227899445904,1,489.36972665691457,847.17967209367,357.8099454367554,0.95,1020.6528693583448,Low
115,49.523210135004184,47083.56933811456,Urban,62.12837193762979,0,0.10673096857498528,1072.805241694972,1083.2144602934175,0.8,866.5715682347341,0.001418182958634094,2.1207359727447741e-134,0,569.6251365022342,0.0,-0.0,0.95,-0.0,Medium
116,44.47932345442135,83841.38115140975,Suburban,31.283839792126084,1,0.03330205724194214,556.0341884896458,865.9513987259304,0.8,692.7611189807444,-0.03538684199423984,1.0,1,513.8971774030454,692.7611189807444,178.86394157769905,0.95,510.20939335038656,Low
117,27.46982943570702,27045.44288511197,Suburban,9.072331900740355,0,0.06853371785449089,876.5322389839573,452.6500300945256,0.9,407.3850270850731,0.02175226607833035,0.0,0,395.6868829702784,0.0,-0.0,0.95,-0.0,Low
118,62.14234221772531,20000.0,Urban,27.174658510212186,0,0.01,665.8110095834503,900.6493908607532,0.8,720.5195126886026,0.028353077589051527,0.0,0,473.488151600414,0.0,-0.0,0.95,-0.0,Low
119,56.27899549030161,54634.372996528895,Rural,45.245832527678004,0,0.037689458219396156,779.6265256973097,862.2490464989903,1.1,948.4739511488895,-0.0060979060522767005,1.2706607341972434e-229,0,455.00692273388256,0.0,-0.0,0.95,-0.0,Medium
120,56.865479205645705,20000.0,Suburban,34.39142782045905,0,0.1700715927625585,487.5443263955036,810.9542793039492,0.8,648.7634234431594,0.02805861431328766,0.0,0,474.1516238400731,0.0,-0.0,0.95,-0.0,Medium
121,31.359188178078917,29199.95009694728,Urban,17.540766417557762,1,0.17139181664904324,664.2088637094839,821.9783017378188,0.8,657.582641390255,0.018809288164039775,0.0,0,485.5037446918787,0.0,-0.0,0.95,-0.0,Low
122,66.04191466404149,31926.43909470895,Urban,62.068493721567904,0,0.03779071546706128,779.2638060298444,1181.204370125157,1.1,1299.324807137673,0.015675174279456316,1.0,1,555.8853600216249,1299.324807137673,743.439447116048,0.95,2120.661022898527,Medium
123,23.972234058115788,35072.873410373366,Urban,40.08153548984221,0,0.0830718935870139,878.9081151698668,836.9097699427118,0.9,753.2187929484406,0.012617505569949745,0.0,0,484.9910566353472,0.0,-0.0,0.95,-0.0,Medium
124,53.80285640700406,51255.706058872514,Suburban,12.836461012055375,1,0.12291629357802003,949.9784158627762,813.7325232547207,1.2,976.4790279056648,-0.002627481749872965,1.3937520604679352e-186,0,505.5869713062209,0.0,-0.0,0.95,-0.0,Low
125,77.85683438714968,25801.369705392215,Rural,9.42934736723874,0,0.10402378429583228,1118.1753813309988,746.8192620563245,1.2,896.1831144675895,0.02283380819383038,1.0,1,419.2257745283088,896.1831144675895,476.95733993928064,0.95,1360.520812176798,Low
126,30.141955123039676,31670.324124597813,Suburban,17.758692806094224,1,0.0712046461415525,776.1949694983979,643.8541828699238,1.1,708.2396011569163,0.01703010273580574,1.0,1,493.4610685941751,708.2396011569163,214.77853256274113,0.95,612.6557641352191,Low
127,36.50553405595842,36057.307383788415,Rural,3.530683377946363,0,0.022145497974969994,705.9561762986788,367.45105865052676,0.9,330.7059527854741,0.012967267950135744,2.231904707846509e-207,0,394.7994541807278,0.0,-0.0,0.95,-0.0,Low
128,46.49477047631462,39136.0367985217,Rural,57.383218789253874,0,0.14385142593512898,869.8301132328604,900.5865076473174,0.8,720.4692061178539,0.008288597070153364,0.0,0,506.94879916394933,0.0,-0.0,0.95,-0.0,Medium
129,37.44786518825701,38135.98438214043,Suburban,25.437809668269924,0,0.07460810420151405,861.0731960159534,699.7322695725175,0.9,629.7590426152657,0.010712222099685259,0.0,0,463.2052196756806,0.0,-0.0,0.95,-0.0,Low
130,21.74004853400801,45161.61988879374,Suburban,10.076761951413788,0,0.017726682250450654,576.8933132716097,459.22581028520324,0.9,413.3032292566829,0.0036669403542917366,1.0520103862353724e-73,0,444.37211976614174,0.0,-0.0,0.95,-0.0,Low
131,46.02844462209041,55377.007240219726,Suburban,27.050468956215862,0,0.0977404508983743,556.6200811496188,749.6238871201261,0.8,599.6991096961009,-0.006161822576887721,1.0,1,418.9062920310763,599.6991096961009,180.7928176650246,0.95,515.7115123894827,Low
132,29.065444294108428,44192.79553459525,Suburban,8.928492262440406,0,0.08282133876369549,1258.4518996929633,540.4403320520618,0.8,432.3522656416494,0.0048469259314913955,1.5116601846207085e-227,0,459.37471526918375,0.0,-0.0,0.95,-0.0,Low
133,52.10388645952772,45560.33460268413,Urban,45.30750969171134,1,0.07456815258032316,854.6079413075653,1084.2676460205162,1.1,1192.6944106225678,0.002477147132665772,1.0,1,549.6573218586134,1192.6944106225678,643.0370887639544,0.95,1834.2632956991802,Medium
134,31.208636486492953,20000.0,Suburban,37.813731949315994,0,0.10632808754230433,959.2974065602649,692.2295085547531,0.9,623.0065576992778,0.028696149926210272,0.0,0,468.84296587671224,0.0,-0.0,0.95,-0.0,Medium
135,68.24901607526309,37239.07341299165,Urban,39.13018872076948,1,0.08935746277270325,913.3614408252035,1098.7573425652804,1.1,1208.6330768218086,0.010806251949028811,1.0,1,537.6760270767568,1208.6330768218086,670.9570497450518,0.95,1913.9049843977602,Medium
136,33.251200614956446,46154.68603521368,Rural,28.98198737943556,0,0.15606509945736818,894.9377392722157,599.8394343340217,1.0,599.8394343340217,0.0021592555228267876,0.534453464112013,1,446.9944192093532,599.8394343340217,152.84501512466846,0.95,435.9904056431168,Low
137,40.16907725691487,52285.30300565682,Rural,34.61483221165062,0,0.05433836193841553,1053.6217719125366,813.8741263018624,1.2,976.6489515622347,-0.0045213318870715195,0.0,0,484.2098123483016,0.0,-0.0,0.95,-0.0,Medium
138,57.202758260545046,25689.165673745338,Urban,22.59339674057845,0,0.06145933922698646,1247.3342707648642,844.9613673607928,1.1,929.4575040968722,0.021787845555303127,1.0,1,458.97578284071375,929.4575040968722,470.48172125615844,0.95,1342.049109883192,Low
139,26.53703525349067,26120.621119182717,Urban,41.19927400911868,0,0.13857825245842442,911.7228199754727,807.5482485964591,0.8,646.0385988771673,0.021254062409062593,0.0,0,484.9682585769928,0.0,-0.0,0.95,-0.0,Medium
140,48.41189901906194,27253.83876713295,Suburban,40.36391370717513,0,0.22476654370751994,824.1268396639218,824.5183020100535,1.1,906.970132211059,0.020495724713312253,1.0,1,462.5623946605276,906.970132211059,444.40773755053135,0.95,1267.6730713628906,Medium
141,64.60714131423643,47486.79493219371,Suburban,29.667512124934163,1,0.21694299343309642,1003.4617103079318,1027.0773013457306,1.1,1129.7850314803038,0.00013640960367322587,0.9999977225839612,1,509.84858471979186,1129.7850314803038,619.9364467605119,0.95,1768.3687143843601,Low
142,20.88775148158159,60897.081362174875,Urban,52.18719013620511,0,0.13659485337553948,754.9449093144711,937.1085118014274,1.2,1124.5302141617128,-0.01325765848636729,0.0,0,508.23222690840873,0.0,-0.0,0.95,-0.0,Medium
143,47.769507877984566,29621.92117203149,Suburban,45.22257014725657,0,0.08247228574937568,559.261879590889,856.7274136984392,1.1,942.4001550682832,0.018819446565885273,1.0,1,508.4160320175419,942.4001550682832,433.9841230507413,0.95,1237.9397110022396,Medium
144,48.89824191372635,57181.24030124194,Urban,11.925236182067946,1,0.07329800135922672,930.6146586455459,769.5847209374544,0.8,615.6677767499637,-0.009605072340734192,1.0,1,462.68754645487957,615.6677767499637,152.98023029508408,0.95,436.37610691672734,Low
145,56.72734307665966,38628.279030191494,Urban,12.298677364398106,1,0.08064584767892899,618.8758847060487,851.193305436477,0.9,766.0739748928293,0.009172071313462014,0.0,0,467.5794396838267,0.0,-0.0,0.95,-0.0,Low
146,26.445739336828773,34127.44271846067,Urban,9.304764684989655,0,0.01293878673192142,642.7128798884261,619.3815730800883,1.1,681.3197303880971,0.01488348651065744,1.0,1,444.2396436465105,681.3197303880971,237.08008674158663,0.95,676.2709474303758,Low
147,25.193150803735854,32673.11622941242,Urban,15.97010593220635,0,0.13414718428081335,546.8530520641117,683.2899757286957,1.2,819.9479708744349,0.014931844971177942,1.0,1,465.97601919521185,819.9479708744349,353.971951679223,0.95,1009.7049921649837,Low
148,52.829123484253465,52749.294787999876,Suburban,34.41643011493747,0,0.16606759113319358,300.0,667.5385128142432,1.2,801.0462153770918,-0.004516248794963975,2.5444895766378224e-263,0,469.8015384982688,0.0,-0.0,0.95,-0.0,Medium
149,49.45477009849779,42735.656961376335,Rural,69.18342429141433,0,0.09324785046589777,535.9444351084226,971.5919830331649,0.9,874.4327847298484,0.005130732407120474,3.7886710606148076e-218,0,563.0802638992537,0.0,-0.0,0.95,-0.0,High
150,48.75739275518815,113313.40042171183,Suburban,28.77407941270993,0,0.20464520772496025,821.4457230802763,773.8449478339875,1.2,928.613937400785,-0.06388336179707181,0.0,0,457.49523882057406,0.0,-0.0,0.95,-0.0,Low
151,50.19672314245464,23715.584349296896,Suburban,31.352927220582643,2,0.23630389434129156,1040.0685315049634,1072.143691768793,1.0,1072.143691768793,0.023425068906116276,0.25614138627112987,0,539.3438779168129,0.0,-0.0,0.95,-0.0,Low
152,34.79962917632264,47053.985586167975,Urban,38.08834221904488,1,0.1442543134721193,693.1803290014545,888.3317925665283,1.0,888.3317925665283,0.0001274001390055039,0.3251004222475551,0,513.6218326412194,0.0,-0.0,0.95,-0.0,Medium
153,48.48380545741505,27872.602472111157,Suburban,35.12170481939209,0,0.06648164006294818,661.4021103512674,738.6974377423735,0.9,664.8276939681361,0.02053645494440575,0.0,0,456.2724272474998,0.0,-0.0,0.95,-0.0,Medium
154,49.39608709948022,23514.123192002593,Urban,17.065507054966808,0,0.05708994361196435,787.2886169000711,742.5206627572508,1.1,816.7727290329759,0.024413753634476558,1.0,1,426.6141542938447,816.7727290329759,390.1585747391312,0.95,1112.9273344433718,Low
155,34.28472872960448,36118.71501598899,Suburban,20.750641932313023,0,0.13870347133912303,785.628142557456,550.6594702963858,1.0,550.6594702963858,0.01120321773073251,0.5123653012196574,1,434.44324856361015,550.6594702963858,116.2162217327757,0.95,331.5067724927427,Low
156,72.98661766717134,38897.14912724388,Rural,36.66008861979634,0,0.15266381707633966,788.8092527728362,793.8372303476909,0.9,714.4535073129218,0.008867216840652252,7.698536925206325e-307,0,515.7796982495158,0.0,-0.0,0.95,-0.0,Medium
157,52.10749381367681,156230.34653791215,Urban,21.472633340287526,0,0.06715757753877613,1012.3367290045392,956.3173189303866,1.1,1051.9490508234253,-0.10868427300698906,0.0,0,428.87236721578637,0.0,-0.0,0.95,-0.0,Low
158,27.130447541960272,33121.1421184849,Suburban,22.369397565113974,1,0.04202286530424263,738.2757823298185,680.2347286506051,0.9,612.2112557855446,0.014785662992530722,0.0,0,474.51873931460557,0.0,-0.0,0.95,-0.0,Low
159,54.84830412950745,20638.439998223563,Urban,21.510735130049945,1,0.01446410915108634,702.1022404058806,887.0645655830914,1.0,887.0645655830914,0.02714262775320266,0.27070350514298275,0,517.1567223533953,0.0,-0.0,0.95,-0.0,Low
160,30.379774946590178,41627.045147447796,Urban,39.67467696076342,0,0.0478178774341016,802.6871541738857,795.5438912640675,0.9,715.9895021376608,0.005562947578353505,5.086012690979672e-193,0,447.5064805073748,0.0,-0.0,0.95,-0.0,Medium
161,56.806269056136784,20000.0,Urban,13.755557793917875,1,0.07909002479772206,930.360457627485,888.3244350572113,0.8,710.659548045769,0.027674069154326058,0.0,0,482.9813012408039,0.0,-0.0,0.95,-0.0,Low
162,62.378933685111065,34683.57839082358,Urban,20.44374215760279,1,0.15452365839891657,1372.7464634430762,989.7480023506471,0.8,791.7984018805178,0.013883261316865115,0.0,0,490.4349929821058,0.0,-0.0,0.95,-0.0,Low
163,32.68976522472434,36607.65465669703,Urban,64.25903683606577,1,0.07136384276661586,1149.1727620536687,1236.472865048849,1.1,1360.1201515537339,0.011662526173721944,1.0,1,571.3183808571397,1360.1201515537339,788.8017706965942,0.95,2250.057050912035,Medium
164,59.45064193866483,54030.29525500848,Urban,40.42513948233303,0,0.01,849.3406372635369,958.2806409901648,1.2,1149.9367691881978,-0.006934437137649047,0.0,0,464.02422798411743,0.0,-0.0,0.95,-0.0,Medium
165,51.191713904047475,59089.653755726125,Suburban,14.116363873541438,1,0.06723874167384716,697.5109986047751,744.6128237196376,1.0,744.6128237196376,-0.010376066622779111,0.4243523460667947,0,456.8955645011529,0.0,-0.0,0.95,-0.0,Low
166,57.33090239991735,28232.107992999838,Urban,31.958675214274635,0,0.08334255014801041,782.8596156486868,921.3428257094965,0.9,829.2085431385469,0.019816984413278085,0.0,0,476.17328453322517,0.0,-0.0,0.95,-0.0,Low
167,73.4518947398092,33681.12911831934,Suburban,15.129222160990786,2,0.08224634748253051,665.6210089736501,985.9629503162348,0.9,887.3666552846114,0.01430874093119,0.0,0,552.485075662669,0.0,-0.0,0.95,-0.0,Low
168,41.31917825995694,24758.882306735937,Rural,67.04233155419969,0,0.01,843.3505139105782,971.5540981893693,1.0,971.5540981893693,0.022452091422499345,0.13448582698415745,0,521.0300049589323,0.0,-0.0,0.95,-0.0,High
169,33.693957534637654,20660.288827218214,Suburban,12.25816607306237,0,0.08294257279297405,864.5431580756823,584.7495851869857,1.0,584.7495851869857,0.028525703995391796,0.5088939288011746,0,420.9444051284817,0.0,-0.0,0.95,-0.0,Low
170,31.65728355561715,42401.85497571525,Urban,13.627982368439778,0,0.16600175287691932,922.1899112234939,679.4932487360003,0.8,543.5945989888003,0.005844585681657858,0.0,0,404.5983757877467,0.0,-0.0,0.95,-0.0,Low
171,32.762845725518424,20000.0,Urban,37.731968815835934,0,0.07669204721547229,406.58615097682036,852.1221275518546,1.1,937.3343403070402,0.027759965240817225,1.0,1,477.18536552134367,937.3343403070402,460.1489747856965,0.95,1312.5749505761994,Medium
172,43.843474358788434,29515.964035832894,Rural,17.990192674186023,1,0.0662600058264167,624.9819546418166,708.990695468176,0.8,567.1925563745408,0.01855085957295669,0.0,0,474.38389634448527,0.0,-0.0,0.95,-0.0,Low
173,50.117279622249654,22079.680276393305,Suburban,51.1584083626847,0,0.06139217008114985,1090.5368985436724,962.7684265124946,1.1,1059.045269163744,0.025334546023019027,1.0,1,506.4449805988013,1059.045269163744,552.6002885649427,0.95,1576.2923231314992,Medium
174,49.150361989950284,47802.90033700244,Suburban,33.15197628266509,0,0.10766105569508057,579.6037495896687,857.486872057373,0.9,771.7381848516358,0.0005239404910621959,1.0652528785875193e-20,0,464.1035489682249,0.0,-0.0,0.95,-0.0,Medium
175,57.40774873554036,89385.61566669798,Urban,49.819215747386934,1,0.023834039316579486,646.4709956462225,1134.5016562887793,1.0,1134.5016562887793,-0.04222408632681746,0.18907148406848184,0,524.4919662938014,0.0,-0.0,0.95,-0.0,Medium
176,45.19502837816861,20000.0,Suburban,12.175828384115588,0,0.04332532562324812,735.1242017451468,676.5159865763546,1.2,811.8191838916256,0.02880044940094304,1.0,1,426.5031956881021,811.8191838916256,385.3159882035235,0.95,1099.1138563505508,Low
177,66.80301115735975,20000.0,Urban,11.517740819635748,1,0.15610470654003858,1084.2849487909261,991.848973961721,0.8,793.4791791693768,0.028521962019533015,0.0,0,471.780374147724,0.0,-0.0,0.95,-0.0,Low
178,41.03014750143066,34117.187117098874,Rural,29.951810064127265,3,0.13355325379466212,932.6623702616677,1026.5089106065634,1.1,1129.1598016672199,0.014397652746076753,1.0,1,597.6936610475897,1129.1598016672199,531.4661406196302,0.95,1516.0071661174952,Low
179,80.0,36601.66089405708,Rural,40.57130031385227,0,0.07287882300875834,744.4161473307503,953.7451691953763,0.8,762.9961353563011,0.010911897234844942,0.0,0,498.03660163715074,0.0,-0.0,0.95,-0.0,Medium
180,54.385010216475095,40511.03371422799,Urban,6.085023381876422,0,0.12431636427044895,707.8490639170321,666.0052727425388,1.2,799.2063272910465,0.0082261923261796,1.0,1,410.0925576329806,799.2063272910465,389.1137696580659,0.95,1109.947027949633,Low
181,32.14263665375576,29051.916785219633,Suburban,39.87983792989431,0,0.054016732515118925,663.5157157568823,764.5923853060093,0.9,688.1331467754084,0.019262321155732072,0.0,0,487.6765859689084,0.0,-0.0,0.95,-0.0,Medium
182,28.936612529083316,32849.123792943945,Urban,35.24138051817061,0,0.05339430761059765,548.888534467445,799.88202469622,1.1,879.870227165842,0.01576208988275265,1.0,1,505.8630372595806,879.870227165842,374.00718990626143,0.95,1066.8555092076108,Medium
183,52.23708622864778,43641.12441319395,Suburban,37.61575603916306,0,0.05237853808642162,637.6791564623779,830.9788208749665,0.8,664.7830566999733,0.004178422217215511,1.0488762208675962e-302,0,513.0217757533682,0.0,-0.0,0.95,-0.0,Medium
184,41.64805822011223,61096.84128269467,Rural,17.92291073063215,0,0.02151107835936905,1152.2451548918366,655.8757328111957,0.9,590.2881595300761,-0.012479528581399021,1.0,1,410.89669862984414,590.2881595300761,179.39146090023195,0.95,511.7141422179116,Low
185,55.71000741138138,20000.0,Suburban,52.10868024465314,0,0.09526405790526869,1097.7578592935647,1058.2681541462098,1.1,1164.0949695608308,0.027680225632120116,1.0,1,518.7745257375336,1164.0949695608308,645.3204438232972,0.95,1840.7765660059551,Medium
186,52.09856436860317,30197.978996689948,Urban,8.340996552147697,0,0.1995082362108283,731.3824321582443,667.5762431154179,1.1,734.3338674269597,0.01811663777304806,1.0,1,413.04244044543844,734.3338674269597,321.2914269815213,0.95,916.4837954647895,Low
187,43.90756631014691,40412.90311414567,Urban,32.19464779784125,0,0.01,701.1021431774109,824.0653904627609,1.1,906.4719295090371,0.007569724498004125,1.0,1,470.94468915682467,906.4719295090371,435.5272403522124,0.95,1242.3414531046858,Low
188,32.29809422897392,22948.593947199643,Rural,39.573426062897305,1,0.18430030094649016,1028.0862871959916,775.6429109510293,0.9,698.0786198559264,0.0253830245331913,0.0,0,552.4323747783315,0.0,-0.0,0.95,-0.0,Medium
189,22.277291629712032,86299.99471948709,Suburban,12.962164113869019,1,0.01,679.1255298585362,616.2014800314691,1.1,677.8216280346161,-0.03692902021889598,0.0,0,490.36740989034234,0.0,-0.0,0.95,-0.0,Low
190,38.302275718994686,26431.05860315287,Suburban,5.752242006013046,0,0.12495422565457974,933.4053292343606,617.8697751317811,1.0,617.8697751317811,0.02272508964550648,0.5779251999056219,1,409.1986339341517,617.8697751317811,208.67114119762942,0.95,595.234430266238,Low
191,57.84598191485209,35573.4074687715,Urban,58.23590309336558,0,0.01,578.6632448337729,1056.6855516667786,1.0,1056.6855516667786,0.012855566135476839,0.11210328318946049,0,536.8997787743822,0.0,-0.0,0.95,-0.0,Medium
192,48.21140616195306,47954.64984629322,Urban,42.62947045624305,1,0.12555848371033626,833.7681985775047,1038.367684892204,1.0,1038.367684892204,0.0009629271385829292,0.27592096967724766,0,525.7367422510674,0.0,-0.0,0.95,-0.0,Medium
193,26.31391831932018,27020.67534861284,Rural,39.98559812401681,0,0.05935446069638911,705.6529693406251,612.3744662251604,0.8,489.89957298012837,0.021014638989755124,0.0,0,484.832857541911,0.0,-0.0,0.95,-0.0,Medium
194,47.59771388776773,20000.0,Suburban,25.0324034694348,1,0.13590729868026388,891.7895066464157,809.1246035600184,1.2,970.949524272022,0.028209470714085933,1.0,1,514.4048607080434,970.949524272022,456.5446635639786,0.95,1302.293652816249,Low
195,50.77976069593255,29309.668882016842,Suburban,31.03084900989438,0,0.05976257511310551,1058.1114389178424,713.821262568129,1.2,856.5855150817548,0.01836904969787097,1.0,1,477.6561028072382,856.5855150817548,378.9294122745166,0.95,1080.8961485130587,Low
196,31.742138456983007,60762.02463311298,Suburban,28.069039865069257,1,0.12466320449160001,678.9196787611326,821.7072505423872,0.9,739.5365254881485,-0.011384165611537373,1.0,1,472.25004416700915,739.5365254881485,267.2864813211394,0.95,762.4346879685501,Low
197,47.305876589182915,30685.71256872275,Suburban,43.64225952550375,0,0.08917856388421477,586.8088096068541,891.0576613548316,1.0,891.0576613548316,0.0171981588918254,0.1546593685664098,0,471.04461213573364,0.0,-0.0,0.95,-0.0,Medium
198,45.87313077669,23784.344504044864,Urban,27.5512803994049,0,0.16040629058294434,740.3710718552909,845.3891335526218,1.0,845.3891335526218,0.02428211266410557,0.31189158613588663,0,439.80602451537095,0.0,-0.0,0.95,-0.0,Low
199,27.855445532540653,57689.82563226307,Urban,13.276869439105518,1,0.09028863464976014,1067.5017340444845,812.9684153051201,1.0,812.9684153051201,-0.009887895845087254,0.6977283449989367,1,472.07797950735454,812.9684153051201,340.8904357977655,0.95,972.3899681131262,Low
200,50.36681040522425,30779.75821160237,Suburban,12.602180279743791,0,0.110338647546086,826.4439714614884,690.6827322919792,0.8,552.5461858335833,0.017975261996885133,0.0,0,439.3156299830205,0.0,-0.0,0.95,-0.0,Low
201,53.41176789552352,28139.219477758154,Suburban,51.195360659573716,1,0.10277559297761277,785.0411495538617,1064.6725221715233,1.1,1171.1397743886757,0.01886930456802785,1.0,1,557.098858847403,1171.1397743886757,614.0409155412727,0.95,1751.5517115814805,Medium
202,61.245768647629156,39133.260824171964,Suburban,8.186209382781556,0,0.14365025596570466,1030.7667589282592,621.2657580507887,1.2,745.5189096609464,0.010137507579976184,1.0,1,433.83814945900417,745.5189096609464,311.68076020194223,0.95,889.0693684760403,Low
203,60.80703078052355,53389.8058377495,Rural,39.14892077214656,0,0.14652944932790138,903.6814192756427,835.0457442124329,0.8,668.0365953699463,-0.004414146671326337,1.0,1,514.2455172599607,668.0365953699463,153.79107810998562,0.95,438.689050308734,Medium
204,24.334959480643633,119474.32406253139,Urban,18.507090330671435,1,0.10179456950183968,1264.1336317435128,813.7017463559046,1.2,976.4420956270855,-0.07078863951222711,0.0,0,487.43237343288,0.0,-0.0,0.95,-0.0,Low
205,30.93262440127316,54919.18685757823,Urban,3.902337474022872,2,0.013171613293403536,581.7777302007095,720.6886636396339,1.2,864.8263963675606,-0.0068310439562390465,0.0,0,512.7095048568735,0.0,-0.0,0.95,-0.0,Low
206,52.7255290081299,64855.693655134535,Rural,39.804067259257145,0,0.051038324766217016,798.1747215356853,914.7910905316979,1.0,914.7910905316979,-0.01645192832203775,0.2836356277313889,0,505.7312067609782,0.0,-0.0,0.95,-0.0,Medium
207,52.706789263683135,28198.298000316066,Suburban,35.91254251402181,1,0.1390311706754533,523.4780273780333,923.856559042364,0.9,831.4709031381276,0.020105028150513855,0.0,0,502.1468965579369,0.0,-0.0,0.95,-0.0,Medium
208,52.72571529459072,21743.408802252772,Suburban,25.676760211170286,0,0.022356395474568094,581.8776512307036,744.5670981480207,0.9,670.1103883332187,0.027360657441726274,0.0,0,460.84411532304347,0.0,-0.0,0.95,-0.0,Low
209,80.0,37465.121087493404,Suburban,18.77322201837734,0,0.06298250609887704,1062.7044203685623,917.5578220179077,1.0,917.5578220179077,0.011232502496983807,0.37063874979919387,0,437.9772113749545,0.0,-0.0,0.95,-0.0,Low
210,53.56335766039751,38314.54843070318,Suburban,56.80237657713978,1,0.06928144092823237,619.4935289591017,1111.8623324206949,1.0,1111.8623324206949,0.00892674513015756,0.09199502330438969,0,534.2411091278957,0.0,-0.0,0.95,-0.0,Medium
211,62.03348460270898,21178.53884564057,Urban,28.525837651233243,0,0.08809389606107669,1113.1655802817145,948.5582077759229,1.1,1043.4140285535152,0.027161783689184118,1.0,1,476.54056814157843,1043.4140285535152,566.8734604119368,0.95,1617.0065458250497,Low
212,59.310026452398034,33268.0493051892,Suburban,22.389216853242182,2,0.08095435315461055,578.3120327637675,1022.5149207851666,1.2,1227.0179049422,0.015100708199564763,1.0,1,570.4821996160318,1227.0179049422,656.5357053261681,0.95,1872.7680994428945,Low
213,54.77086876958697,44340.723532245065,Rural,11.238740500422804,0,0.10159854837689059,781.4890215007987,628.0655765925176,1.2,753.678691911021,0.0049948121293649315,1.0,1,441.1849129692971,753.678691911021,312.4937789417239,0.95,891.3885044312675,Low
214,40.27096133039482,43486.10311908441,Suburban,11.936531083718489,1,0.0462680588804988,561.2143990456817,642.6219025459228,1.1,706.8840928005152,0.004539844805827337,1.0,1,458.99206560119086,706.8840928005152,247.89202719932433,0.95,707.1120075860727,Low
215,56.38453830739901,46730.10705844351,Suburban,40.210256630249894,2,0.05622980255086876,931.0083536240127,1120.2942603206327,1.2,1344.3531123847592,0.0016150915448513979,1.0,1,624.3742656681999,1344.3531123847592,719.9788467165594,0.95,2053.7396602589856,Medium
216,33.40762178193643,42002.41371708992,Urban,22.122162774047187,1,0.1885204914021867,840.8830173016507,815.8066439674209,1.0,815.8066439674209,0.006023751977207368,0.49662137984868415,1,514.3820234770006,815.8066439674209,301.42462049042024,0.95,859.8137299489238,Low
217,41.44772089889987,28183.604027274076,Urban,1.1391517907418176,0,0.16982286246686024,1051.563201424358,593.30870611462,0.8,474.64696489169603,0.020376902376375523,0.0,0,416.4098323719241,0.0,-0.0,0.95,-0.0,Low
218,37.71954678256345,28086.650932820372,Urban,17.036248133893782,0,0.12536783298419563,968.7935703716222,774.0657117276224,0.8,619.252569382098,0.01980611556441656,0.0,0,452.7806656228246,0.0,-0.0,0.95,-0.0,Low
219,46.22811209079484,20000.0,Urban,45.06898142298487,0,0.1304610484429336,824.6582565403272,961.093557707142,0.9,864.9842019364279,0.02783683958476489,0.0,0,501.8957303375159,0.0,-0.0,0.95,-0.0,Medium
220,79.71987850010262,88644.34502756836,Rural,37.257634127960124,0,0.11278324326227744,823.0045674716947,909.4608178071011,1.1,1000.4068995878113,-0.04120478771061161,0.0,0,469.29047738250716,0.0,-0.0,0.95,-0.0,Medium
221,18.0,36560.55413467085,Suburban,19.085317008402676,0,0.0964529448685122,546.9377117381008,520.07865329775,0.9,468.070787967975,0.011545182922760033,1.6062328189749587e-261,0,447.5464968986143,0.0,-0.0,0.95,-0.0,Low
222,55.2939028556177,32453.82121150681,Suburban,65.33477364560135,1,0.05560715498987744,876.3909575443979,1252.4710808321804,0.8,1001.9768646657444,0.014761485403699218,0.0,0,593.9294698913585,0.0,-0.0,0.95,-0.0,Medium
223,20.809261932155223,22824.823193911747,Suburban,10.726959542568475,0,0.1715304217593041,780.7033937845745,375.20662941844,1.2,450.247955302128,0.025832753940066174,1.0,1,423.3653784714085,450.247955302128,26.882576830719472,0.95,76.6825504096273,Low
224,37.9210220131585,157602.12678820692,Urban,9.086855303738014,0,0.19246696594728113,931.7905351397665,645.0252843510837,1.2,774.0303412213003,-0.10937045085396585,0.0,0,403.5758831081696,0.0,-0.0,0.95,-0.0,Low
225,61.33425895451049,21233.512352245023,Rural,8.220183571892544,0,0.07136496014117506,949.8128595902143,517.8136630523018,0.8,414.25093044184143,0.027795105310501843,0.0,0,420.6555547969207,0.0,-0.0,0.95,-0.0,Low
226,45.96420028643194,29306.834793269954,Urban,15.355576130231432,1,0.15388200914681427,671.5210295779139,663.5194841223141,0.8,530.8155872978513,0.018409748127169147,0.0,0,500.1994436895956,0.0,-0.0,0.95,-0.0,Low
227,28.83382833106041,44708.477601909646,Urban,37.58581876764415,1,0.07708132576238792,655.281508801679,927.244057481656,1.0,927.244057481656,0.003596454976910682,0.3015538048457073,1,525.1334545282336,927.244057481656,402.11060295342236,0.95,1147.0204949246372,Medium
228,34.27044436110047,49026.021290004785,Suburban,18.454882762872995,0,0.05904137298603562,815.4059637375107,549.5350450047711,0.9,494.58154050429397,2.1361713895208696e-06,0.5750830538304206,0,459.2417453507545,0.0,-0.0,0.95,-0.0,Low
229,55.19396623402014,58627.90329088685,Rural,23.96285897110479,0,0.07655347902692697,747.6420821483892,746.5796847960985,1.1,821.2376532757085,-0.009704945441727907,0.0,0,442.2839337834757,0.0,-0.0,0.95,-0.0,Low
230,34.04450052424295,89662.17304180154,Rural,5.650952575159541,0,0.07948865782543553,507.9187756305958,375.15553617102125,1.1,412.6710897881234,-0.04084960687223382,0.0,0,410.79937493159144,0.0,-0.0,0.95,-0.0,Low
231,48.246878843729625,46773.81551240446,Urban,51.10978257222417,2,0.12818626635851998,599.283362468653,1254.0873358111287,0.8,1003.269868648903,0.0014510647294389222,1.8453380380404758e-159,0,567.657279948013,0.0,-0.0,0.95,-0.0,Medium
232,45.68357759855721,21417.949262014212,Rural,45.849358454208975,1,0.07580036654042914,1015.080023859199,973.3277706776178,1.0,973.3277706776178,0.026509355319327667,0.22895605550590817,0,550.1963465684973,0.0,-0.0,0.95,-0.0,Medium
233,35.22599478591275,31937.22184133307,Urban,22.675563779608847,0,0.1407884097479536,889.6677510326542,712.9403968330059,0.9,641.6463571497054,0.01665551715700091,0.0,0,404.48767988877495,0.0,-0.0,0.95,-0.0,Low
234,77.15916133987989,42358.15257418879,Urban,22.56237723482669,1,0.061515172765173265,794.6044767990468,1034.803611909723,1.2,1241.7643342916676,0.006205780698591969,1.0,1,496.6025268128928,1241.7643342916676,745.1618074787748,0.95,2125.574055833205,Low
235,54.50878533477017,102141.36057016918,Rural,26.838498760074604,0,0.0950504906284791,1050.0459040524279,771.1510128743859,1.0,771.1510128743859,-0.05317048460870521,0.582513297975928,1,460.46954808772875,771.1510128743859,310.6814647866571,0.95,886.2188783039394,Low
236,18.0,20000.0,Rural,30.786648084936353,0,0.041399675229151944,787.6647121926464,603.5781953761754,1.2,724.2938344514104,0.02859650469921349,1.0,1,462.23729650487286,724.2938344514104,262.0565379465375,0.95,747.5162744924983,Low
237,47.796814721541416,66256.460270586,Suburban,28.792132443850704,0,0.032829835959633125,941.2974826337511,848.2477640615587,0.8,678.598211249247,-0.018414924157881197,1.0,1,431.50617906632334,678.598211249247,247.09203218292367,0.95,704.8300218017898,Low
238,35.07320302847418,39733.78787842977,Suburban,30.687823626572,0,0.11636659656257373,792.6130777933524,724.827169929897,0.8,579.8617359439176,0.008273071977054588,0.0,0,478.03154141750446,0.0,-0.0,0.95,-0.0,Low
239,57.78650002194336,55210.87742287863,Rural,23.702138905286883,1,0.10342650495579865,812.0894604670152,822.9950875977756,0.9,740.6955788379981,-0.007307606276618697,1.0,1,529.1976885493248,740.6955788379981,211.49789028867337,0.95,603.2977320484408,Low
240,33.11218892350949,34509.938765164705,Suburban,12.033183825482608,0,0.07499135518327986,1428.2692348812684,619.2733586597855,1.2,743.1280303917425,0.014024716268977968,1.0,1,465.16306590657285,743.1280303917425,277.9649644851697,0.95,792.8950611939465,Low
241,43.278953377996515,23831.980709045725,Rural,30.964296494635455,0,0.051660430392812755,661.1586075361721,679.8419174038006,1.0,679.8419174038006,0.024548677576892462,0.276890331544076,0,462.38316293192094,0.0,-0.0,0.95,-0.0,Low
242,52.57480918470686,52861.807924447196,Suburban,20.197915829224083,0,0.03995515423418455,910.1560183683575,707.3523651759764,1.2,848.8228382111716,-0.004019722860514352,8.083278293961405e-248,0,435.84127558491895,0.0,-0.0,0.95,-0.0,Low
243,57.98632791255182,50373.247701032866,Rural,27.847167701119957,3,0.11591718742836345,905.8594660138789,1021.6610153595864,0.9,919.4949138236277,-0.0016703275632419033,1.0,1,581.1538161978192,919.4949138236277,338.3410976258085,0.95,965.1179809776188,Low
244,26.995553894163358,59043.425812466725,Rural,8.133402274982807,1,0.06353097865062618,1029.9935731942448,588.2486174265752,0.8,470.59889394126014,-0.009545339614207959,1.0,1,475.98105694549145,470.59889394126014,-5.382163004231302,0.95,-15.352619969569789,Low
245,39.98248146238578,36074.72217553995,Urban,21.146811847078244,0,0.17976284523272917,785.4970038848004,719.1598922327366,0.9,647.243903009463,0.012503248271695822,0.0,0,472.8904866127556,0.0,-0.0,0.95,-0.0,Low
246,37.87582033258566,26905.58025069437,Rural,15.406671362479859,1,0.10714259912921907,1200.2206163063474,703.9503478274822,1.1,774.3453826102306,0.02179601681648154,1.0,1,478.37233958173755,774.3453826102306,295.973043028493,0.95,844.2631052387763,Low
247,35.200061511394324,20000.0,Suburban,37.46256980121071,0,0.12472542786218975,727.7974894301292,758.7388866192019,1.2,910.4866639430423,0.028674267948900416,1.0,1,492.5593239677891,910.4866639430423,417.92733997525323,0.95,1192.1377372794097,Medium
248,71.48181360421646,54703.7003427365,Urban,29.148660917106632,2,0.16887578666622938,710.3013120917967,1209.1939275766226,1.0,1209.1939275766226,-0.007184232235537715,0.18990579491308782,0,504.8393930254314,0.0,-0.0,0.95,-0.0,Low
249,51.07472566441433,44888.8512547302,Suburban,16.663293863730786,2,0.05703153224749051,968.6732134593949,911.8677749824388,0.8,729.4942199859511,0.00386913224373707,3.844523194896424e-307,0,514.0117600336985,0.0,-0.0,0.95,-0.0,Low
250,26.086740684974323,22406.55174220532,Urban,18.18853063983567,0,0.12089182142569632,1046.0571391757394,654.0042188194838,1.1,719.4046407014322,0.025805007030650383,1.0,1,447.6557976042219,719.4046407014322,271.7488430972103,0.95,775.1635749347923,Low
251,58.767929205821645,27742.287797790126,Suburban,33.561704639136195,1,0.1235530008929597,550.5237465426723,874.6913437293365,0.8,699.7530749834692,0.02043750507153809,0.0,0,486.7835856844558,0.0,-0.0,0.95,-0.0,Medium
252,76.8323429551895,28756.542743580245,Rural,32.33276905158186,1,0.07260754361131701,645.9320973297374,1022.2082826419902,1.0,1022.2082826419902,0.01910600169967084,0.12519702136058866,0,498.78942107234917,0.0,-0.0,0.95,-0.0,Low
253,60.486978908267204,20000.0,Urban,26.20255585255244,0,0.021720930007612854,834.1234350882489,886.4082725546202,0.8,709.1266180436962,0.02693125324115127,0.0,0,438.4236795021674,0.0,-0.0,0.95,-0.0,Low
254,22.2094505106898,24128.73666055331,Suburban,35.24620669957382,0,0.01,918.9640533896222,767.1938916529677,1.2,920.6326699835613,0.024259445802248352,1.0,1,481.4220423534331,920.6326699835613,439.2106276301282,0.95,1252.8483153149407,Medium
255,37.73648890700623,20600.792431715578,Rural,47.31338002440819,1,0.05314838970144081,1069.713619279391,805.1453052166373,1.2,966.1743662599647,0.027826980656425547,1.0,1,547.6289414200387,966.1743662599647,418.545424839926,0.95,1193.900824355889,Medium
256,64.00366723779933,29547.679565715465,Suburban,15.306601949536416,0,0.1542951889208889,823.0680709077699,746.7896740158674,1.0,746.7896740158674,0.019430884511331646,0.3643296983862076,0,419.69215612366867,0.0,-0.0,0.95,-0.0,Low
257,34.38495801571829,25100.705965382942,Urban,7.377308816656393,1,0.0593697847029235,1030.9164478311236,789.3251471010909,0.8,631.4601176808728,0.023602976506432907,0.0,0,454.5205654622824,0.0,-0.0,0.95,-0.0,Low
258,51.657291422193424,20000.0,Suburban,36.75655002121259,0,0.14654050385712747,439.2697635248578,812.6273110423241,0.9,731.3645799380917,0.02771999637643403,0.0,0,452.6912736626472,0.0,-0.0,0.95,-0.0,Medium
259,56.61951080144005,99837.0978612599,Suburban,17.79610861616768,0,0.060403076006450056,559.7875631390752,712.0266888313178,0.8,569.6213510650542,-0.05156005508457008,1.0,1,436.6509371222796,569.6213510650542,132.97041394277466,0.95,379.2981057717647,Low
260,31.096042926328757,67932.53542107207,Suburban,35.69811940423104,1,0.10077891484652027,798.4615380084115,866.3126896420235,1.0,866.3126896420235,-0.02030975507755107,0.37580813103780414,1,531.2521600465411,866.3126896420235,335.0605295954824,0.95,955.7601606711136,Medium
261,44.107119659073,24599.71875766867,Rural,38.78332572193164,1,0.12501217635095385,1008.8767925456802,935.4986175712,0.8,748.3988940569601,0.023972872347979974,0.0,0,543.8739187823028,0.0,-0.0,0.95,-0.0,Medium
262,18.0,41614.78111177679,Suburban,30.90476003389045,1,0.1500747457962014,735.5721288051811,755.1316931684211,1.2,906.1580318021053,0.006591075091181472,1.0,1,546.0689279461118,906.1580318021053,360.08910385599347,0.95,1027.1541687492213,Low
263,29.634185379985652,44744.89079072939,Rural,17.11079230177225,0,0.07550374007964701,741.7775444656933,585.1468672833423,1.2,702.1762407400107,0.004252703284785106,1.0,1,445.57212327205434,702.1762407400107,256.60411746795637,0.95,731.9632450773455,Low
264,41.2114777291026,65876.88678867018,Suburban,2.9563885016189895,0,0.06649454700899526,876.2691876326012,510.28585816939494,0.8,408.228686535516,-0.016673805022976197,1.0,1,385.42502128365845,408.228686535516,22.803665251857524,0.95,65.04745513092358,Low
265,26.283252270527257,24117.608278780062,Urban,10.365916735120884,1,0.01,754.4930691453186,785.7442974615683,1.1,864.3187272077251,0.023917979926004456,1.0,1,481.6991084414472,864.3187272077251,382.61961876627794,0.95,1091.422462530808,Low
266,69.48616955897452,62696.02904446245,Suburban,12.792443747720347,1,0.07707788673054414,1080.7135834090868,822.4305433878352,1.1,904.6735977266188,-0.014061141366887813,0.0,0,447.4857577805175,0.0,-0.0,0.95,-0.0,Low
267,23.54787933059051,27613.14890601798,Suburban,33.45547325268665,0,0.26460846989458364,819.8208762404886,728.0279341922619,0.9,655.2251407730357,0.02183755783317135,0.0,0,463.768837247902,0.0,-0.0,0.95,-0.0,Medium
268,38.39933269954524,20000.0,Suburban,52.42749594316649,1,0.08766657166727088,1291.7735267796677,1072.317875621788,0.8,857.8543004974305,0.027842220139786666,0.0,0,556.982464931637,0.0,-0.0,0.95,-0.0,Medium
269,46.96110865929137,52159.84785246014,Urban,13.207491840823563,1,0.027495494599027503,830.3489641438056,950.7704640627244,0.8,760.6163712501796,-0.0034013402772067004,1.0,1,492.10990328513697,760.6163712501796,268.5064679650426,0.95,765.914699870284,Low
270,66.61909933599173,69243.12991060862,Urban,29.46150398388902,2,0.0910033227096503,724.2277454281354,1173.06479988712,1.1,1290.371279875832,-0.0214153863326051,0.0,0,573.6937756362926,0.0,-0.0,0.95,-0.0,Low
271,23.46206773230841,132449.20425141638,Urban,21.30795446395376,0,0.13558705818883615,817.8011432497011,727.1492123714002,0.9,654.4342911342602,-0.08400708205487326,1.0,1,438.7382000102974,654.4342911342602,215.6960911239628,0.95,615.2730999311038,Low
272,62.447456282324396,20000.0,Urban,14.602181509801717,2,0.06862535718493837,1018.8615979279075,960.2962410453671,1.1,1056.3258651499038,0.027987726695179637,1.0,1,529.3918491739714,1056.3258651499038,526.9340159759324,0.95,1503.0792805713472,Low
273,45.1534959152938,51506.32231630403,Suburban,39.61038120197944,1,0.04421047149916595,767.0961371076057,977.2291516283663,1.2,1172.6749819540394,-0.002833730793211455,6.325981573744075e-242,0,547.6908968578189,0.0,-0.0,0.95,-0.0,Medium
274,30.27737023428074,29587.2669780815,Urban,46.021184218076165,0,0.22562880568736426,300.0,876.6057669674209,1.0,876.6057669674209,0.01806092933614529,0.1371993874554851,0,469.5353860698906,0.0,-0.0,0.95,-0.0,Medium
275,51.93155211394906,53727.451729229186,Suburban,30.32311554815369,0,0.11859819633544386,705.2269026519793,824.9590575060173,1.2,989.9508690072207,-0.0051030566477809625,0.0,0,483.8517943243277,0.0,-0.0,0.95,-0.0,Low
276,47.98589543360205,20000.0,Urban,37.31490050332062,3,0.17658161168274675,336.48602651831004,1136.451996557319,1.1,1250.0971962130511,0.02819116516191592,1.0,1,634.2202684434711,1250.0971962130511,615.87692776958,0.95,1756.788936462727,Medium
277,35.99674684261808,20000.0,Urban,29.73387512609651,1,0.07998489523611776,903.1949922432763,895.2338333847325,0.9,805.7104500462593,0.028503030649144914,0.0,0,472.24989635826125,0.0,-0.0,0.95,-0.0,Low
278,46.04703127485028,24638.427297948332,Suburban,25.308795894319395,0,0.18866985683535736,575.7841940472003,711.820541953432,1.2,854.1846503441184,0.024127013044526822,1.0,1,456.80493339048945,854.1846503441184,397.37971695362893,0.95,1133.5256426102264,Low
279,39.220296047073596,37777.99324689134,Urban,49.326798538679625,1,0.14537142661748087,809.4689895775225,1081.8818112780666,0.9,973.69363015026,0.01017299596089829,0.0,0,570.7286372221995,0.0,-0.0,0.95,-0.0,Medium
280,46.70276017876872,26356.214398949134,Rural,11.418559314261934,0,0.1255587411355234,505.7312293964899,551.706155002429,1.2,662.0473860029148,0.022413185929192964,1.0,1,463.23801600648073,662.0473860029148,198.80936999643404,0.95,567.1037279148281,Low
281,54.9319601178157,50489.828137570716,Urban,12.08792775492545,2,0.038562811857232794,782.9606847597597,972.9771153379878,1.0,972.9771153379878,-0.0025432060329935403,0.4094507100918843,0,514.0939364510452,0.0,-0.0,0.95,-0.0,Low
282,68.79025224218029,60684.725679447816,Suburban,2.93326922334631,2,0.06321422301164079,833.9698248381296,842.0695607897852,1.2,1010.4834729477423,-0.011816308846609135,0.0,0,516.8345385589196,0.0,-0.0,0.95,-0.0,Low
283,26.432767517597263,49010.44759660623,Rural,33.21067817353601,0,0.1225028063179488,701.1071587642804,620.9091079582353,0.8,496.72728636658826,-0.0003193114145259942,1.0,1,478.34172405168283,496.72728636658826,18.385562314905428,0.95,52.44481650326773,Medium
284,76.995500619844,81584.43864045123,Suburban,37.11191472902074,0,0.0826358844994721,790.9512078730544,941.7829604490122,0.8,753.4263683592098,-0.03347937488734859,1.0,1,486.0717115846735,753.4263683592098,267.35465677453635,0.95,762.6291584493649,Medium
285,18.0,44708.24943656056,Urban,27.311573071353116,0,0.11862702240938305,463.3131314000289,807.1536477130719,0.8,645.7229181704575,0.004072951534643106,1.9993366435959491e-286,0,451.10397295612,0.0,-0.0,0.95,-0.0,Low
286,42.72322357446625,20000.0,Suburban,32.056616566484685,1,0.0761608982832271,808.9821765508977,879.9532824695311,0.8,703.962625975625,0.02839870519233922,0.0,0,513.4500971766536,0.0,-0.0,0.95,-0.0,Low
287,53.82475809726865,71803.48250887217,Suburban,14.995457324866843,2,0.12107483290915039,672.3110634318055,961.3062892902179,1.1,1057.4369182192397,-0.023868146192819028,0.0,0,523.4655799961998,0.0,-0.0,0.95,-0.0,Low
288,49.21487801602549,26833.91582312409,Rural,19.951465974471976,0,0.06723745825814292,817.710993220242,598.1240025601878,0.9,538.311602304169,0.020707373602896727,0.0,0,445.3980873673573,0.0,-0.0,0.95,-0.0,Low
289,35.659507202691096,57251.50732224822,Rural,22.221223055170608,0,0.12251309905650365,775.9208399604744,594.9620355616073,1.1,654.4582391177681,-0.008508388221940439,1.4355442169129754e-220,0,455.8676784999467,0.0,-0.0,0.95,-0.0,Low
290,41.87816624464087,79767.15508338633,Urban,12.128873824757278,0,0.049574396024873096,752.1573528432474,677.3084013904065,1.1,745.0392415294473,-0.030964812225241414,0.0,0,407.9683933652937,0.0,-0.0,0.95,-0.0,Low
291,37.604985980117505,45631.064626197964,Rural,12.542707246093213,0,0.08286007935350595,710.5298942456135,543.7795144474551,1.1,598.1574658922007,0.003087268344269121,1.0,1,434.75821479575853,598.1574658922007,163.39925109644213,0.95,466.0963637526012,Low
292,36.15952864583683,20000.0,Urban,29.684622008404737,0,0.08924971188198191,854.7068784401454,825.9524842036924,1.2,991.1429810444308,0.028934001972846513,1.0,1,468.45449490678453,991.1429810444308,522.6884861376464,0.95,1490.9689067076363,Low
293,57.744031455315366,22945.885462711365,Urban,13.990548494656244,0,0.05490894418168754,1133.4514029643915,769.4426824356603,0.8,615.5541459485283,0.02522910960031054,0.0,0,429.577623206723,0.0,-0.0,0.95,-0.0,Low
294,50.35523228947571,70359.43955606005,Rural,35.35879445183601,0,0.06791312722041809,773.3262023407788,802.8072840984069,0.8,642.2458272787255,-0.020917695088051448,1.0,1,457.7691008808365,642.2458272787255,184.47672639788902,0.95,526.2198620499785,Medium
295,34.60635607109019,33370.870482258375,Urban,49.41696874879868,1,0.11400288200464515,908.1289753074252,1085.8952435097294,0.8,868.7161948077836,0.014201851574079088,0.0,0,527.2216207201161,0.0,-0.0,0.95,-0.0,Medium
296,58.493998131498756,37789.50764211751,Urban,21.72014453220142,0,0.13539216138055277,1112.974341421446,906.03631725349,0.8,724.829053802792,0.010932385726175206,0.0,0,411.70362677097125,0.0,-0.0,0.95,-0.0,Low
297,49.60949281314914,53072.39522308148,Urban,27.014896323678716,1,0.11253583799540715,880.5130744461379,1025.1420278127046,0.9,922.6278250314341,-0.005362942466441356,1.0,1,478.8017472210623,922.6278250314341,443.82607781037177,0.95,1266.0138869540856,Low
298,57.1929317825844,51439.4893128333,Suburban,8.018659345163371,0,0.12533799537069124,950.8861759992664,707.7340638417824,1.2,849.2808766101388,-0.0021852916729465915,4.5404037814358365e-135,0,389.7678591363452,0.0,-0.0,0.95,-0.0,Low
299,54.44443262885419,41747.71115714063,Suburban,11.169917396236665,1,0.10429025943083621,628.5323241314453,819.8677268233954,0.9,737.8809541410559,0.007234005510822931,1.488039483236079e-258,0,484.9140399129996,0.0,-0.0,0.95,-0.0,Low
300,32.56507483616892,32717.514149017417,Suburban,8.82542333165244,0,0.06525520612341396,872.394128681796,550.8865479060827,1.0,550.8865479060827,0.01640975872816478,0.605587014238816,1,366.9755992368012,550.8865479060827,183.91094866928148,0.95,524.6059810791254,Low
301,36.597284397045456,31059.679475845165,Urban,29.314326194894864,0,0.013657084483871887,870.4184279249697,863.3451809481245,1.2,1036.0142171377493,0.017115334914457086,1.0,1,461.51875012094075,1036.0142171377493,574.4954670168086,0.95,1638.7483196654464,Low
302,56.20940407684893,55767.66012181294,Suburban,37.915252616812616,0,0.07352259936255992,1155.3186219567363,905.9607355340465,1.2,1087.1528826408558,-0.006923396151091896,0.0,0,450.539412941706,0.0,-0.0,0.95,-0.0,Medium
303,54.155553981501974,47895.879921463966,Rural,14.454531199619536,0,0.09391892226170657,550.5201851256052,615.8560402373204,1.2,739.0272482847844,0.000644159328530096,1.0,1,443.06888643002173,739.0272482847844,295.95836185476264,0.95,844.2212271907105,Low
304,44.68647609053778,31931.55547534052,Rural,44.61798640966707,1,0.06861023238202338,1234.7126901780325,996.0909716739981,1.2,1195.3091660087975,0.016242812106231016,1.0,1,572.1138507690928,1195.3091660087975,623.1953152397048,0.95,1777.664636721258,Medium
305,46.75991074963173,62383.50375435889,Urban,49.564451432035405,0,0.17764292491708344,1029.9418047633592,1024.8350404719197,1.0,1024.8350404719197,-0.013517770882517075,0.3686446533335475,1,506.39543732189344,1024.8350404719197,518.4396031500262,0.95,1478.8489679854497,Medium
306,64.16497343682637,34046.51450910256,Rural,23.872554795771524,3,0.1138198098716219,993.1268534098073,1077.609129444665,0.9,969.8482165001986,0.014565178393549599,0.0,0,615.370234387229,0.0,-0.0,0.95,-0.0,Low
307,36.12642916746255,23722.254923759992,Suburban,29.042449538934196,0,0.09542398390510051,570.2636052549892,618.2984859747,1.0,618.2984859747,0.02541164340676483,0.28679775973457755,0,468.25858736483343,0.0,-0.0,0.95,-0.0,Low
308,53.20646071755057,24847.55535299065,Urban,25.004230270262763,0,0.12735353719260759,619.0235952515809,902.1509223063756,0.8,721.7207378451005,0.022956944372563688,0.0,0,422.19654811452887,0.0,-0.0,0.95,-0.0,Low
309,41.96711021349159,22261.846699764144,Urban,27.724722682974868,2,0.20112284025099914,925.0056759943551,1099.5101732184285,0.8,879.6081385747428,0.02545559528157844,0.0,0,570.8873566355912,0.0,-0.0,0.95,-0.0,Low
310,41.73478195159169,31691.22132486218,Urban,3.8920370462312457,0,0.08592278235832651,383.9101948545742,530.7012180360645,1.2,636.8414616432773,0.01715819216575231,1.0,1,417.67339051635224,636.8414616432773,219.16807112692504,0.95,625.1769228895537,Low
311,61.48165277980785,67296.40785979292,Suburban,23.572240621361896,0,0.051787882514598024,498.9005564062191,820.4920607755565,1.0,820.4920607755565,-0.018813357851594863,0.25333527974584286,0,456.7225021972405,0.0,-0.0,0.95,-0.0,Low
312,57.38124523482045,24281.072333157877,Urban,1.8559194990823653,0,0.1160923122945188,959.1960542216166,758.5012055728395,1.0,758.5012055728395,0.02396757637874743,0.5570741344812211,1,406.02982811217674,758.5012055728395,352.4713774606627,0.95,1005.4246042065404,Low
313,57.20264454000958,39904.24070282271,Suburban,43.05593844079632,1,0.042535475811570855,1038.0254204336982,1064.2497592899224,1.1,1170.6747352189147,0.0072780260132100935,1.0,1,525.141602588251,1170.6747352189147,645.5331326306638,0.95,1841.3832608289683,Medium
314,64.58218210731494,26151.329962496948,Urban,42.187417120921516,0,0.052332067656375485,1228.4418294155503,1111.9877071313206,1.0,1111.9877071313206,0.020423756944975797,0.3141639982762631,0,489.87921258957863,0.0,-0.0,0.95,-0.0,Medium
315,45.31505762449139,31883.549922780945,Rural,21.817761881808977,1,0.17120024157629837,733.136993853053,766.2473404098242,1.0,766.2473404098242,0.015715146472584488,0.336106669920773,0,515.7304010561228,0.0,-0.0,0.95,-0.0,Low
316,55.22929456942446,20000.0,Urban,53.04701631667752,0,0.16479039361075265,626.6579688047323,1009.4885390986526,1.2,1211.386246918383,0.027515686110055438,1.0,1,490.7616770254827,1211.386246918383,720.6245698929004,0.95,2055.581585619498,Medium
317,40.34599865109816,32523.913099045436,Rural,60.0652690358533,0,0.1325120897570277,646.4198550126381,1025.3500351401922,1.2,1230.4200421682306,0.014792292587183151,1.0,1,517.4330143765089,1230.4200421682306,712.9870277917216,0.95,2033.795496775886,Medium
318,49.86249528732663,32963.20802351236,Rural,20.51619302332841,0,0.11949359181408417,890.3863552038864,557.303723977336,0.9,501.5733515796024,0.014714281664399578,0.0,0,434.62625958015263,0.0,-0.0,0.95,-0.0,Low
319,43.047854184484734,47578.867046184525,Urban,39.31616702618588,0,0.03894961603875496,759.8428362636462,847.3986178971146,0.9,762.6587561074032,-0.0002793952029465187,0.9999999999183566,1,482.10034642619877,762.6587561074032,280.5584096812044,0.95,800.2928636156356,Medium
320,46.45493947489077,40604.75498656241,Suburban,50.93557395510131,0,0.059567625036977684,529.0425135400042,959.7966827254008,1.1,1055.776350997941,0.006410813441998709,1.0,1,517.117303100923,1055.776350997941,538.6590478970181,0.95,1536.5249341262443,Medium
321,53.9273553815537,20000.0,Urban,17.497339693601518,0,0.16615127136868343,904.951340710717,857.9949219419925,1.0,857.9949219419925,0.027757252355679485,0.3885401281419317,0,438.5692046024257,0.0,-0.0,0.95,-0.0,Low
322,32.726689751497915,62448.601539587835,Rural,8.091027882447193,0,0.0746538959557067,594.8435156457936,539.2958597333902,1.1,593.2254457067293,-0.013815986373453264,0.0,0,445.17962398872095,0.0,-0.0,0.95,-0.0,Low
323,76.3858091352819,40342.12632107394,Suburban,29.298952935225003,0,0.06000385691710253,948.9528177085047,930.4734365125742,1.1,1023.5207801638317,0.008011902332422846,1.0,1,449.9157949300727,1023.5207801638317,573.604985233759,0.95,1636.2082203792975,Low
324,29.90973927750447,40102.61241138494,Urban,30.5829499589433,1,0.09050302293139376,941.2411272235314,856.1958316105006,1.1,941.8154147715508,0.008018304545982435,1.0,1,524.5929051102045,941.8154147715508,417.2225096613463,0.95,1190.1272088089904,Low
325,26.78717080818402,36149.15394519748,Urban,30.32615660621997,0,0.12885191982492417,740.6378210022197,767.4852871854495,1.2,920.9823446225394,0.011685902717513182,1.0,1,452.78308793030476,920.9823446225394,468.1992566922346,0.95,1335.5383797145992,Low
326,62.37166310250102,28032.540536533983,Urban,18.36108975875384,0,0.08962496913678591,857.107590528167,899.8711459322889,1.1,989.8582605255178,0.020256566579289637,1.0,1,416.563522874985,989.8582605255178,573.2947376505329,0.95,1635.323239148145,Low
327,56.87494040944404,40493.679122883426,Rural,20.612781304081203,0,0.091100715885464,741.6457369463545,652.7494491398871,0.9,587.4745042258984,0.007355026365212365,2.370835639671782e-209,0,470.57914916733057,0.0,-0.0,0.95,-0.0,Low
328,54.36179725578233,46064.33189749023,Suburban,5.039703425317877,0,0.01,785.844350696718,551.9884130822838,1.2,662.3860956987406,0.0025029928690770507,1.0,1,405.86765755264986,662.3860956987406,256.5184381460908,0.95,731.7188448117239,Low
329,54.4251826389642,20000.0,Rural,27.335101228745206,1,0.09645937480844759,543.7535310033213,808.7666027967634,0.9,727.8899425170871,0.027965084263208203,0.0,0,489.41320091616933,0.0,-0.0,0.95,-0.0,Low
330,44.81629840729628,27739.691739801285,Urban,53.79673364632739,1,0.14987077632254173,300.0,1061.117191856729,1.2,1273.3406302280748,0.01965716815402907,1.0,1,548.5042691766856,1273.3406302280748,724.8363610513892,0.95,2067.5957198990877,Medium
331,31.541184427712526,31969.145541054553,Urban,36.43940294210985,2,0.09657018093668576,774.8300016688996,1031.2022712504865,1.2,1237.4427255005837,0.01490183027448553,1.0,1,590.8873005967764,1237.4427255005837,646.5554249038073,0.95,1844.2993495381104,Medium
332,46.137068372905894,41278.01459085999,Rural,7.133548804416762,0,0.20349684321782718,601.1290237547287,481.10833922689295,0.8,384.88667138151436,0.008709544360787492,0.0,0,438.8832066628849,0.0,-0.0,0.95,-0.0,Low
333,34.842574327318324,65950.22059112274,Urban,15.52688132796024,0,0.06388428218009637,628.9999096921074,707.0500651996779,1.1,777.7550717196457,-0.017482468846896793,0.0,0,459.9776432583822,0.0,-0.0,0.95,-0.0,Low
334,59.62679600126627,24689.407702951776,Rural,17.99911722762974,1,0.07552409369387225,617.0317261572802,743.8082239166085,1.0,743.8082239166085,0.02399770275254244,0.25680762845038096,1,478.2106240727992,743.8082239166085,265.59759984380935,0.95,757.6171535544662,Low
335,42.79413927746792,28311.37868768388,Urban,43.713233404712135,1,0.06647365041439557,990.1717933993294,1049.6275510363967,1.2,1259.553061243676,0.018319844035846827,1.0,1,534.3790765142669,1259.553061243676,725.1739847294091,0.95,2068.5587914406397,Medium
336,32.61754204811233,28105.847919296146,Urban,62.6118042934953,0,0.06507658069060493,1015.1572162211303,1113.5684422990857,1.0,1113.5684422990857,0.019376043928861574,0.22041379123125404,0,529.4968802535589,0.0,-0.0,0.95,-0.0,Medium
337,40.1792123752051,24324.423453092673,Suburban,10.852878923336092,0,0.12684620713604983,868.2238248232485,531.4608566867055,0.8,425.1686853493644,0.024394900432773144,0.0,0,398.9157630875683,0.0,-0.0,0.95,-0.0,Low
338,51.193971814134365,30528.219136749605,Rural,34.6655405532344,0,0.08625465671215242,734.6495737065135,724.5142415095696,0.9,652.0628173586126,0.01827549300789211,0.0,0,474.3974347999016,0.0,-0.0,0.95,-0.0,Medium
339,36.54413170794038,53391.19426755877,Rural,38.461278705958506,1,0.19721712124037943,866.1722632395248,859.3052673773902,1.0,859.3052673773902,-0.00522029656044573,0.35706598847280735,0,523.6322173971706,0.0,-0.0,0.95,-0.0,Medium
340,32.666694066503524,21441.471630637094,Urban,4.691602532376349,0,0.11235894083925185,1019.6409190774862,571.2253779026073,1.0,571.2253779026073,0.026911061240421624,0.7011927454117597,1,442.7290283334519,571.2253779026073,128.49634956915543,0.95,366.53583714601587,Low
341,48.65530817237868,44977.03016144751,Urban,14.855626477620016,0,0.05640106176960731,1132.2937681804867,854.8940849927001,0.8,683.9152679941601,0.0031614404938015363,4.1715891644858214e-235,0,421.3207714096681,0.0,-0.0,0.95,-0.0,Low
342,48.674498566630845,20000.0,Suburban,50.02220211058492,0,0.05036936497596464,648.7975182229816,867.7649268304785,1.0,867.7649268304785,0.02865526939898823,0.13201381630675163,0,499.47943704452956,0.0,-0.0,0.95,-0.0,Medium
343,37.39585236943305,27428.310853561197,Suburban,3.036207409003536,0,0.1833345807638943,496.30868706242666,467.6723281641159,1.0,467.6723281641159,0.020800257336343442,0.45570800462261496,0,440.79466391834217,0.0,-0.0,0.95,-0.0,Low
344,37.93442541572516,30799.549735914934,Suburban,10.256218162831447,1,0.11103597165555991,861.9363966926728,627.6008782560489,1.2,753.1210539072587,0.017195294647783757,1.0,1,456.7184695247866,753.1210539072587,296.40258438247207,0.95,845.4883719510016,Low
345,48.480749060364545,83904.10650223901,Urban,61.42841892261528,1,0.16526198394669508,440.92088310465044,1269.454643950883,0.9,1142.5091795557948,-0.03779061864489063,1.0,1,576.6301420717547,1142.5091795557948,565.8790374840402,0.95,1614.1699544232247,Medium
346,23.27873487754014,31653.336720500272,Rural,31.532162056404108,1,0.10347534056209473,855.3899601549862,664.5402924028916,1.0,664.5402924028916,0.017473768212240972,0.4476127267799175,0,526.9381960238476,0.0,-0.0,0.95,-0.0,Low
347,23.888043384351672,20000.0,Suburban,14.892679253242092,1,0.10079385891759496,844.5503598344035,730.9217741676484,0.9,657.8295967508836,0.02939501248982567,0.0,0,470.0029276871104,0.0,-0.0,0.95,-0.0,Low
348,34.22333668121346,20000.0,Rural,19.238987161936222,0,0.16698897606784507,773.4099375179294,568.5322952301466,1.1,625.3855247531613,0.0281191392115342,1.0,1,455.95582959757286,625.3855247531613,169.4296951555885,0.95,483.29820543131615,Low
349,41.798292724322295,36938.6901094037,Suburban,36.7654723550851,0,0.11863962984712365,1158.0074059547828,823.3812058299038,1.2,988.0574469958846,0.010646517900395242,1.0,1,468.95769283650816,988.0574469958846,519.0997541593764,0.95,1480.7320487396212,Medium
350,49.66361348397007,49359.495016005385,Suburban,48.71927906125059,0,0.11808922934196985,815.4189282396433,830.2355575499735,1.1,913.2591133049709,-0.0009011987213586969,9.914738210934898e-34,0,496.5861746246808,0.0,-0.0,0.95,-0.0,Medium
351,67.13034325424329,43814.84337583675,Rural,47.70723247609938,0,0.07973626789029996,910.5736945682788,1056.0479573718214,1.0,1056.0479573718214,0.0032867912194343104,0.18506190154700988,0,459.94060156010335,0.0,-0.0,0.95,-0.0,Medium
352,57.86489434803029,39489.30097868275,Suburban,8.968611248201096,0,0.14357098268099083,1031.3413194179748,703.5503966949857,1.1,773.9054363644843,0.009059278568506824,1.0,1,421.2617459126959,773.9054363644843,352.6436904517884,0.95,1005.9161270137265,Low
353,42.60092205054859,64934.20456467019,Rural,25.649899087727178,1,0.09628685181181655,786.0891136109336,702.3556383590213,0.9,632.1200745231192,-0.016698186930685078,1.0,1,485.97702755405874,632.1200745231192,146.1430469690605,0.95,416.87304147924505,Low
354,44.71475688145967,27728.17684076532,Rural,16.13619843351523,0,0.0722465188764897,721.1312142056527,561.489736333375,0.8,449.19178906670004,0.022578295522112525,0.0,0,414.4101835662142,0.0,-0.0,0.95,-0.0,Low
355,29.962059530432867,56809.29740452457,Suburban,14.438462771820598,1,0.20762432887971816,727.2966946512615,571.0148551116082,0.9,513.9133696004474,-0.008030143759575475,1.0,1,494.7165294476864,513.9133696004474,19.196840152760956,0.95,54.75898653575063,Low
356,44.72230296011415,20000.0,Suburban,25.10046664166704,0,0.08501956508113051,884.4161042581222,685.9622255967882,1.0,685.9622255967882,0.029137762829428027,0.37508335981058427,0,459.1738037330426,0.0,-0.0,0.95,-0.0,Low
357,40.670120416197925,23098.57216431683,Urban,35.78046110435294,1,0.06048184502971146,864.3632276754108,982.6217557201013,1.0,982.6217557201013,0.02495930723985802,0.2799008287899787,0,500.3170838148516,0.0,-0.0,0.95,-0.0,Medium
358,49.84077840507134,20000.0,Urban,12.429630436047676,0,0.1568714461232943,1142.3894361345313,856.7214039824584,1.1,942.3935443807043,0.027966526721976262,1.0,1,398.5426634126955,942.3935443807043,543.8508809680088,0.95,1551.334637961245,Low
359,32.59153584671515,31652.65624569383,Urban,13.390730237155546,0,0.13393623475201127,673.0480917525149,775.1395429074015,1.2,930.1674514888817,0.016414014291264135,1.0,1,388.4824644781054,930.1674514888817,541.6849870107764,0.95,1545.1564254482396,Low
360,52.79019771361759,35485.14337415851,Urban,22.910989207357115,0,0.06685579991209839,752.9285790279619,862.7389335704815,0.9,776.4650402134334,0.012517747349137784,0.0,0,470.4396043968817,0.0,-0.0,0.95,-0.0,Low
361,67.99108369503867,38447.56892870833,Urban,51.44478570742659,0,0.09605743856423166,990.8740594575299,1086.601794782034,0.8,869.2814358256272,0.008837485175499055,0.0,0,440.929441575611,0.0,-0.0,0.95,-0.0,Medium
362,43.36859777314714,37456.72990142916,Urban,30.399960068859272,0,0.13344623360117708,931.3017131482243,983.3872471818878,0.8,786.7097977455103,0.010198841824277502,0.0,0,467.54360880844644,0.0,-0.0,0.95,-0.0,Low
363,51.02567583148412,22838.96470508918,Urban,11.564019198196245,0,0.11056511310495366,788.6155532324769,650.1713651158973,0.8,520.1370920927178,0.025648424650340597,0.0,0,396.7152077746874,0.0,-0.0,0.95,-0.0,Low
364,55.352159875666686,33020.35860968973,Suburban,49.93906119758734,0,0.13929976710390232,760.9169486264412,1008.6126519739803,1.2,1210.3351823687763,0.01489586271694433,1.0,1,520.048335105056,1210.3351823687763,690.2868472637202,0.95,1969.043231819762,Medium
365,38.98169292171246,20000.0,Urban,23.39253738889198,1,0.09967075490356313,699.6981536334102,867.308853876596,1.2,1040.770624651915,0.027742856827649008,1.0,1,515.2204143100004,1040.770624651915,525.5502103419147,0.95,1499.1319750003117,Low
366,48.36138722715625,71798.18581856036,Urban,26.77484955934683,1,0.1409039826556902,619.1261185843939,996.7440954257897,0.8,797.3952763406319,-0.02404768060417439,1.0,1,487.73476000614687,797.3952763406319,309.660516334485,0.95,883.3066228441185,Low
367,45.18888601172692,31200.424003187916,Suburban,29.67760909748547,1,0.08455385561260458,795.0422473560844,818.2155627071687,0.9,736.3940064364518,0.01745843615132705,0.0,0,497.63438950784126,0.0,-0.0,0.95,-0.0,Low
368,46.465141478232475,28440.14380895778,Suburban,14.653557749333102,0,0.06770291317553541,916.7947770111323,705.8172371612591,1.1,776.3989608773851,0.01972289588819427,1.0,1,427.06650584917185,776.3989608773851,349.33245502821325,0.95,996.4708279679783,Low
369,33.404853242168,80375.94060857923,Suburban,11.497115299394391,0,0.1526502628239553,873.9201284287985,636.9914278145227,0.8,509.5931422516182,-0.032019673034246736,1.0,1,410.67416433517144,509.5931422516182,98.91897791644675,0.95,282.1663845066644,Low
370,45.36765261388414,20000.0,Suburban,2.9424551567362713,1,0.11455420245437269,783.5279591635677,661.2355517617964,1.0,661.2355517617964,0.028297875107186354,0.4437179886445361,0,474.8216546715915,0.0,-0.0,0.95,-0.0,Low
371,52.46997436868175,20685.876319732808,Rural,2.168629392343999,0,0.1343481053117372,863.6891112985276,528.7889617377166,1.2,634.5467540852599,0.02801532157691001,1.0,1,404.7660454088483,634.5467540852599,229.78070867641156,0.95,655.449471499464,Low
372,66.76715411692562,20991.856117586467,Suburban,37.31970859888399,0,0.16121654660892018,609.312801715876,956.4466638270579,1.2,1147.7359965924695,0.02691949560600731,1.0,1,493.66093825186584,1147.7359965924695,654.0750583406036,0.95,1865.7491039165718,Medium
373,59.3890623912781,35103.78748367067,Suburban,21.063297329406762,0,0.07137157489309949,913.3726020375873,837.4072018378777,1.1,921.1479220216655,0.0127753662813274,1.0,1,438.15461579113753,921.1479220216655,482.993306230528,0.95,1377.738406022581,Low
374,77.29773686267335,45062.95607047457,Rural,0.3584336130556518,1,0.12661887641428207,513.6591036174002,681.9411096978081,0.8,545.5528877582465,0.003606513668728061,1.6020889608392896e-214,0,479.84807783802023,0.0,-0.0,0.95,-0.0,Low
375,33.489786556679256,52566.67979655463,Rural,62.24097098464502,0,0.2159996010626294,850.9939162032272,883.9971919069158,0.9,795.5974727162242,-0.0046926581274595435,1.0,1,493.77576636714616,795.5974727162242,301.821706349078,0.95,860.946417360745,Medium
376,58.08480955081017,131399.51036704195,Suburban,37.69032701323728,0,0.09199338571752094,918.3051665412634,874.6771286366064,1.2,1049.6125543639278,-0.0828197205814934,0.0,0,466.71486615578425,0.0,-0.0,0.95,-0.0,Medium
377,47.75013008607527,20000.0,Suburban,20.332810740656218,0,0.03968039182746355,820.9697058216999,583.1363121139552,0.8,466.5090496911642,0.02901430924881865,0.0,0,454.10244854589735,0.0,-0.0,0.95,-0.0,Low
378,77.8470439982651,49235.3822068954,Urban,58.181503189313865,1,0.14110209104572696,801.2973627097342,1396.4074544287641,1.0,1396.4074544287641,-0.0032276056441759224,0.08786183655076402,0,550.1608307294811,0.0,-0.0,0.95,-0.0,Medium
379,32.87552571967273,27486.072854463077,Suburban,36.36564015517911,0,0.016760826019701497,588.2372846464189,726.5513414379626,0.9,653.8962072941664,0.021051877291495685,0.0,0,449.57751602791296,0.0,-0.0,0.95,-0.0,Medium
380,32.40417236728836,27086.5459872221,Rural,24.09087803565645,0,0.04511772205565628,791.2293743869983,582.3701332625915,0.9,524.1331199363324,0.020572518933670732,0.0,0,413.6137662277322,0.0,-0.0,0.95,-0.0,Low
381,36.009110318339665,26638.529811436445,Suburban,6.110721503610499,0,0.10031082646769122,1196.4663675697943,539.062924556201,0.9,485.1566321005809,0.02261364547891562,0.0,0,418.38569939883064,0.0,-0.0,0.95,-0.0,Low
382,18.0,23054.474812049226,Rural,22.80349204577905,1,0.09856234440190063,786.4251429314479,635.2588973151604,0.8,508.20711785212836,0.02603369920410431,0.0,0,514.142497998542,0.0,-0.0,0.95,-0.0,Low
383,37.113674674788584,84310.56120168748,Suburban,24.76511086904834,1,0.10941095293454808,744.7355242340211,743.4531730608231,1.2,892.1438076729877,-0.03622897468731607,0.0,0,492.5272692047896,0.0,-0.0,0.95,-0.0,Low
384,33.61301007669453,55334.322969796114,Rural,16.48011314885541,1,0.21034412282209186,476.75107911021064,657.9908111763937,0.8,526.392648941115,-0.006381739277878338,1.0,1,494.74567279275385,526.392648941115,31.646976148361148,0.95,90.27299946320018,Low
385,47.25590679714311,36739.14141495402,Suburban,28.771104108409524,1,0.10423065305611473,873.064015044334,848.5498316731703,1.1,933.4048148404873,0.011145793732020534,1.0,1,546.0233475314167,933.4048148404873,387.3814673090707,0.95,1105.005635499124,Low
386,50.12633963665739,71361.07818564367,Urban,41.989855588181676,1,0.07113165447935085,887.5017025672703,1035.0537768541133,1.2,1242.0645322249359,-0.023818777303753636,0.0,0,552.5992780864616,0.0,-0.0,0.95,-0.0,Medium
387,73.14256258823829,20000.0,Suburban,22.672437077159664,0,0.06794293812524738,704.8260216173172,859.8217336849634,1.2,1031.786080421956,0.0283047906799767,1.0,1,461.7070253733551,1031.786080421956,570.0790550486009,0.95,1626.1505045261342,Low
388,59.256357572790755,20000.0,Urban,6.430599489490037,0,0.077194986655056,751.0646962997109,691.3772094743395,1.1,760.5149304217734,0.028096545547958006,1.0,1,404.0655856424618,760.5149304217734,356.4493447793116,0.95,1016.7717559829864,Low
389,36.346445165063955,20000.0,Urban,12.752981830012947,1,0.0393149937555242,534.1197730970896,745.6339788517205,0.9,671.0705809665485,0.028702400071160424,0.0,0,467.62596798579864,0.0,-0.0,0.95,-0.0,Low
390,31.52377992977463,25598.594585029325,Rural,64.38644983696757,1,0.12800277672162447,824.6614125832003,1064.495882435436,0.9,958.0462941918925,0.021856242769986878,0.0,0,585.9525634850952,0.0,-0.0,0.95,-0.0,Medium
391,52.37878757259759,39373.53871157884,Urban,4.946213935793039,0,0.11508509759440352,899.4468987138073,707.7711245767953,1.1,778.5482370344748,0.009204327515255366,1.0,1,409.3683851369619,778.5482370344748,369.17985189751295,0.95,1053.0855275376557,Low
392,25.196501894690368,38232.043917436094,Suburban,27.663268081077653,0,0.12333821714704765,348.4632767189371,601.3721560844828,1.2,721.6465873013793,0.009797433698252832,1.0,1,464.7548025100319,721.6465873013793,256.89178479134745,0.95,732.7838161173186,Low
393,72.47188148781531,39131.02679740782,Urban,22.15196254203412,0,0.140034064368513,792.6443907365049,910.8250980356521,0.8,728.6600784285217,0.007596891113625593,0.0,0,391.7386721181583,0.0,-0.0,0.95,-0.0,Low
394,62.69160181081931,20000.0,Urban,36.71695112605749,0,0.1309635483877784,1146.0725923144037,1042.214042903083,1.1,1146.4354471933914,0.02673142237427838,1.0,1,461.6440514512429,1146.4354471933914,684.7913957421486,0.95,1953.3674563544787,Medium
395,37.962365218429426,54261.887472033006,Rural,25.1351442906656,0,0.03092638509927796,830.109406712738,608.1353950101301,0.8,486.5083160081041,-0.006189547954134379,1.0,1,472.309867783708,486.5083160081041,14.198448224396088,0.95,40.50107356008984,Low
396,19.302982063636836,40937.98989142735,Urban,22.515758333532197,2,0.08593860933889969,898.375211568967,906.9327680466655,0.9,816.239491241999,0.007696060436112615,9.2615648354197e-304,0,507.78181536228334,0.0,-0.0,0.95,-0.0,Low
397,65.3080856124812,52392.94064577318,Suburban,45.99905646328368,0,0.08799785904140418,1011.7395030889672,994.154480639679,1.0,994.154480639679,-0.004242523391582155,0.26609669749676246,1,476.69083905637297,994.154480639679,517.4636415833061,0.95,1476.0650376163806,Medium
398,43.28190232121073,20000.0,Suburban,35.99497435517005,1,0.16886288786599635,913.7230242755778,898.3209892470627,0.9,808.4888903223565,0.028186822812740008,0.0,0,517.153973308723,0.0,-0.0,0.95,-0.0,Medium
399,63.56724467960193,42435.70684547475,Suburban,24.61979614451704,1,0.17325553091615367,728.2465067037209,851.5195334821657,1.1,936.6714868303824,0.004839970261185176,1.0,1,462.75716991853074,936.6714868303824,473.91431691185164,0.95,1351.8405889910568,Low
400,21.083585118084493,20052.66577069533,Rural,27.884461432456476,1,0.0786990486944461,476.1327984673775,663.9758376820249,1.0,663.9758376820249,0.02953990046894311,0.24954477886059395,0,517.4409033697348,0.0,-0.0,0.95,-0.0,Low
401,36.00937465569341,29772.438849794133,Suburban,54.63366300647442,1,0.050435990319609214,1340.5666238325562,1036.9740038010093,0.9,933.2766034209084,0.017462518708322924,0.0,0,567.0812710868753,0.0,-0.0,0.95,-0.0,Medium
402,45.07865549577275,47438.16959358672,Suburban,26.67712878485245,0,0.10792639704178278,949.1867337373214,693.8032880204468,1.0,693.8032880204468,0.0012061043413604188,0.5000349608081748,0,413.6350136709417,0.0,-0.0,0.95,-0.0,Low
403,45.70470890647113,38007.8046493097,Rural,47.74654439505767,0,0.08406444165308041,968.8163261382597,845.2547583575911,0.8,676.2038066860729,0.009825877703582828,0.0,0,488.8616878476081,0.0,-0.0,0.95,-0.0,Medium
404,38.249017927811344,23723.704333229925,Urban,48.483246214066256,0,0.09582202450756536,1008.0762108372658,1033.0123054317942,1.1,1136.3135359749738,0.024075168017365298,1.0,1,491.8177111379502,1136.3135359749738,644.4958248370235,0.95,1838.4243403476096,Medium
405,54.34274898521248,36429.58790943486,Suburban,12.992924634391056,0,0.16078006747415138,1023.8276611022524,720.6818350612479,1.0,720.6818350612479,0.012877513506456445,0.5361082361581546,1,438.9019610105679,720.6818350612479,281.77987405067995,0.95,803.7770907295645,Low
406,28.985693559261083,20000.0,Rural,12.667936338931588,1,0.11344375061173842,959.0953044836233,492.3311226566636,1.2,590.7973471879963,0.029000416706663007,1.0,1,490.007441275577,590.7973471879963,100.78990591241927,0.95,287.503206615176,Low
407,42.8643077246806,64546.017495938104,Suburban,32.68003644931724,0,0.07600745690767122,805.7434264155143,738.0730052324266,0.8,590.4584041859413,-0.01582329675445918,1.0,1,481.5886951699622,590.4584041859413,108.86970901597908,0.95,310.55084496808036,Low
408,46.804434475678484,32772.92480579431,Rural,50.13017296884089,0,0.0670581897891829,736.0584235827187,943.8752252009212,1.1,1038.2627477210135,0.01674376360175768,1.0,1,521.3274659722537,1038.2627477210135,516.9352817487598,0.95,1474.5578911883374,Medium
409,52.71658251088124,63530.473800062566,Suburban,16.263519824343497,1,0.028198467394075347,946.4182360595669,867.4676608758205,0.9,780.7208947882384,-0.014425255419726815,1.0,1,486.70157591673416,780.7208947882384,294.01931887150425,0.95,838.6901070809658,Low
410,55.674223171333345,27909.827793643424,Rural,35.39428036891037,3,0.12812027289512495,829.0266661857406,1044.5501128715746,0.9,940.0951015844172,0.019460780967530494,0.0,0,650.9276103687413,0.0,-0.0,0.95,-0.0,Medium
411,28.130368622431963,27951.104807451116,Rural,36.117165133331,0,0.11410925063613403,822.6133320168857,719.569040093518,0.9,647.6121360841662,0.01911964135357287,0.0,0,483.9061279355866,0.0,-0.0,0.95,-0.0,Medium
412,21.988287438965667,24782.836270423635,Urban,2.6693265238554402,0,0.1281750522893633,997.0995209325985,471.5729027838073,0.9,424.41561250542657,0.024160348859532957,0.0,0,404.502356556861,0.0,-0.0,0.95,-0.0,Low
413,64.16515232847763,56279.57534751505,Urban,38.41415149954708,0,0.09916068222297152,1219.3655398914784,1023.8671518098156,1.0,1023.8671518098156,-0.00897149144097829,0.4601389117819738,1,511.62606136157376,1023.8671518098156,512.2410904482418,0.95,1461.16771050361,Medium
414,49.98471017969388,25470.709435016797,Suburban,16.90576703747885,1,0.04718884942128964,611.7758025570246,705.3515760814153,0.8,564.2812608651323,0.02354020761583752,0.0,0,468.790790534126,0.0,-0.0,0.95,-0.0,Low
415,33.7727019516517,50126.13041163198,Suburban,27.155563865139452,0,0.10278452271196079,896.0209777670576,727.6254218071302,1.2,873.1505061685563,-0.0028310483458446533,8.524375291421127e-180,0,456.44142221819027,0.0,-0.0,0.95,-0.0,Low
416,68.26727963283784,29994.634695463963,Urban,5.214279716476738,1,0.1569744775025091,598.8120538829771,857.5977865724645,1.2,1029.1173438869573,0.01875136279314567,1.0,1,464.6791667356845,1029.1173438869573,564.4381771512728,0.95,1610.0599003240059,Low
417,46.73511951439288,20000.0,Urban,17.344909498785146,1,0.10291229159469165,839.0792351497057,893.6908168971962,0.8,714.952653517757,0.028084905890632866,0.0,0,495.11804871420424,0.0,-0.0,0.95,-0.0,Low
418,62.689457760957396,27305.487440118366,Urban,25.21734757047963,2,0.18213436996002202,463.7636375068986,976.2916174535309,1.1,1073.920779198884,0.021558046997485925,1.0,1,541.1871239164212,1073.920779198884,532.7336552824628,0.95,1519.6227516932252,Low
419,46.01277722115164,20139.652115641482,Rural,30.00698129426928,1,0.11261249481059211,660.546504569207,842.3710947917502,0.8,673.8968758334003,0.028248336357094346,0.0,0,497.53297051326274,0.0,-0.0,0.95,-0.0,Low
420,75.91121887322981,36936.34711339189,Suburban,19.775698474482827,1,0.1983845767946238,804.1143004185964,1013.6607753428763,1.2,1216.3929304114515,0.011626663919774606,1.0,1,512.4647312848922,1216.3929304114515,703.9281991265593,0.95,2007.9551880085105,Low
421,71.33011263664807,20026.188723810657,Suburban,23.847552794783923,0,0.2024499921074974,1013.9598817544518,872.8596214102392,1.1,960.1455835512633,0.02804457874966497,1.0,1,424.7518518883944,960.1455835512633,535.3937316628688,0.95,1527.2106195683334,Low
422,41.2655377728139,57698.56316447668,Urban,35.813551083817394,0,0.05512044174375197,503.92821471129963,958.3244595470048,0.9,862.4920135923044,-0.010105033909987965,1.0,1,496.072246954684,862.4920135923044,366.4197666376204,0.95,1045.2123843338122,Medium
423,59.57356426431533,34698.85852370738,Urban,29.287137350928578,0,0.06766468722797976,886.6960561095157,977.842114080506,1.1,1075.6263254885566,0.013216163762709884,1.0,1,456.90960684562054,1075.6263254885566,618.716718642936,0.95,1764.889439928975,Low
424,54.680639243777215,33229.78870014004,Urban,10.45182489203637,0,0.07714735154635259,792.8535382209858,839.9721319190749,1.0,839.9721319190749,0.014809937912801108,0.43674862528888553,0,425.92915873048685,0.0,-0.0,0.95,-0.0,Low
425,65.52947336298523,50410.06159183836,Urban,8.730316405977689,0,0.014602587413423268,1092.723932358268,810.3088313728609,1.1,891.3397145101471,-0.002585786666183057,1.467584076209021e-91,0,407.4297798701967,0.0,-0.0,0.95,-0.0,Low
426,30.52614809129843,58803.31248259171,Rural,44.89796365357937,1,0.12319822485216307,719.1346032168665,865.6391939233895,1.0,865.6391939233895,-0.010371643172160046,0.28594870823111773,0,535.555607641605,0.0,-0.0,0.95,-0.0,Medium
427,55.29077189997659,35952.38216064829,Rural,37.592502545739855,0,0.12183019796199754,886.8382303501553,795.5553679084301,1.1,875.1109046992732,0.011904950957077986,1.0,1,495.3910817845299,875.1109046992732,379.7198229147433,0.95,1083.1507948643052,Medium
428,60.876367302743816,24696.081102867956,Urban,33.19629411587409,0,0.10960548820528167,768.7781899399681,886.7204532387218,0.8,709.3763625909775,0.02318242025793125,0.0,0,457.3038627279631,0.0,-0.0,0.95,-0.0,Medium
429,18.618907703653285,20000.0,Urban,26.259895121244682,0,0.03882460185424236,604.6333212694037,634.9920653727711,0.9,571.492858835494,0.027453057607134502,0.0,0,417.2443433826822,0.0,-0.0,0.95,-0.0,Low
430,27.251122310013372,25770.22723663559,Urban,17.803335708495506,0,0.17942448503860536,685.5670859236964,674.0506945707795,1.0,674.0506945707795,0.022555743443968566,0.46581672322957374,1,436.5817149123804,674.0506945707795,237.46897965839906,0.95,677.3802644755833,Low
431,18.0,26672.64738225064,Suburban,15.10875838079549,0,0.01,648.6836774861656,425.41902847520646,1.0,425.41902847520646,0.02220014951201636,0.5374700998764028,0,415.3651628876243,0.0,-0.0,0.95,-0.0,Low
432,40.95889748333163,38312.39402078267,Urban,36.283065588453475,3,0.03385118749086505,450.84777553468683,1159.6542095535044,0.8,927.7233676428036,0.008380596853900173,0.0,0,604.0105610773435,0.0,-0.0,0.95,-0.0,Medium
433,55.76313383693943,30559.36790809724,Urban,13.972243198688302,3,0.14430872564356748,1109.2577377165135,1005.8063320545534,0.8,804.6450656436427,0.016939780080035546,0.0,0,564.7405353223539,0.0,-0.0,0.95,-0.0,Low
434,67.53535578144042,51224.155456218024,Urban,29.73069602773349,0,0.11579593001089242,728.3276653139042,946.9465247462306,0.8,757.5572197969846,-0.0048254271063730625,1.0,1,502.4875423262791,757.5572197969846,255.06967747070547,0.95,727.5862549851873,Low
435,46.111421706296625,26729.106036292378,Suburban,35.812409943600734,0,0.06929470931041182,895.5704459663853,832.3048048052016,1.0,832.3048048052016,0.021594490884468253,0.29651138160874807,1,467.968796315807,832.3048048052016,364.33600848939454,0.95,1039.268464215998,Medium
436,69.42923318356938,35294.393875132555,Suburban,10.876812648557292,1,0.10274901271393314,578.7257955628529,770.3236755815866,0.9,693.291308023428,0.01284517344863705,0.0,0,462.0727925947189,0.0,-0.0,0.95,-0.0,Low
437,24.29847812677663,65643.49059133732,Suburban,22.503990498738716,0,0.10645869918946552,809.2699243437175,583.3526902077051,1.0,583.3526902077051,-0.01704797084127733,0.5974563276485426,1,461.9374853676909,583.3526902077051,121.41520484001421,0.95,346.33687180614055,Low
438,19.44926340967268,43084.242542354616,Urban,36.23383596072136,0,0.1588804109738516,901.29930741251,790.5643457002578,1.0,790.5643457002578,0.005612175512517255,0.506966482001511,0,483.34580823396396,0.0,-0.0,0.95,-0.0,Medium
439,44.16678451655072,35241.55584882581,Rural,24.401607537258204,2,0.03918529091885942,817.4142599651364,841.861760412831,0.9,757.675584371548,0.013278424066825893,0.0,0,572.0134341375376,0.0,-0.0,0.95,-0.0,Low
440,50.76098173408961,26877.04294321052,Rural,4.81369665335586,1,0.11459476984901026,633.9730532736686,632.6808016532185,1.2,759.2169619838622,0.022115024972074557,1.0,1,488.68579795078637,759.2169619838622,270.53116403307587,0.95,771.6901454043489,Low
441,44.509578778588605,26459.86410108953,Urban,53.61113017984715,0,0.15393848785632103,961.7796027365873,975.7448457400299,1.1,1073.3193303140329,0.020730922058467393,1.0,1,556.3584953387231,1073.3193303140329,516.9608349753098,0.95,1474.6307817670713,Medium
442,18.0,23734.699577055148,Urban,26.644372694408773,2,0.05009722427390602,390.32042604330684,795.243253885644,1.1,874.7675792742084,0.024135143673116508,1.0,1,538.4937715671063,874.7675792742084,336.27380770710215,0.95,959.2210364845089,Low
443,43.66319940730818,27708.55715712505,Suburban,12.97927720824611,0,0.09742197635786733,484.70088821215273,532.1002765473874,0.9,478.89024889264863,0.02032701415845339,0.0,0,445.55484677432264,0.0,-0.0,0.95,-0.0,Low
444,25.432957492427203,52988.64473901587,Urban,53.92823036691438,0,0.09705188396724251,776.7985085482279,940.9675438877321,1.1,1035.0642982765053,-0.005010749568426236,6.15250470910865e-206,0,493.5949041917211,0.0,-0.0,0.95,-0.0,Medium
445,55.04508823245058,32501.966180643667,Suburban,8.906862002640151,0,0.01932125397407994,320.86931860561674,682.194747426295,0.8,545.755797941036,0.016991519817824496,0.0,0,414.0676576547424,0.0,-0.0,0.95,-0.0,Low
446,50.498973691452726,20000.0,Suburban,35.57458480339393,0,0.11460846633522466,643.0214596950564,842.3504932860125,1.0,842.3504932860125,0.028818946781079144,0.1717486121911495,0,481.7310528611591,0.0,-0.0,0.95,-0.0,Medium
447,30.90180320508967,87911.38931289727,Suburban,29.396981090202612,0,0.11759369913283177,705.7272516957815,593.255250545868,0.8,474.6042004366944,-0.03995220183996492,1.0,1,460.31253673215247,474.6042004366944,14.291663704541918,0.95,40.76697071720582,Low
448,37.2919962399496,42615.8954620466,Urban,16.89317283563742,2,0.1748135050431392,1104.1848210205762,956.7245390978936,0.8,765.379631278315,0.006251398154010053,0.0,0,540.8933778178668,0.0,-0.0,0.95,-0.0,Low
449,29.111797171665728,20000.0,Suburban,8.901725871843912,0,0.0989338462606021,667.9855237024584,468.0075004808043,0.8,374.40600038464345,0.028900027952471267,0.0,0,414.22468779996024,0.0,-0.0,0.95,-0.0,Low
450,44.059813540902425,29116.94355250253,Rural,45.27864973957908,1,0.1218878435213464,695.5601136750006,892.2557567571088,1.0,892.2557567571088,0.019722603232856156,0.18095156976459756,0,522.5452253936324,0.0,-0.0,0.95,-0.0,Medium
451,59.327134807518576,38385.81201072127,Urban,21.599800550326,1,0.173610133096458,430.1215112038927,889.8767648017094,1.1,978.8644412818804,0.009731660625612619,1.0,1,508.71325386283274,978.8644412818804,470.1511874190477,0.95,1341.1062621128335,Low
452,30.214109304966843,85160.7602813246,Suburban,42.27091047519126,0,0.06791119836374204,815.2384911041291,775.2687994972454,0.9,697.7419195475209,-0.03670140439196783,1.0,1,460.9433389520814,697.7419195475209,236.7985805954395,0.95,675.4679511484911,Medium
453,52.560697732767665,20867.40749761737,Urban,3.330090965321854,0,0.04095629230863867,801.9845940386775,592.3472062966658,0.8,473.87776503733267,0.02766068227921066,0.0,0,435.3903155501046,0.0,-0.0,0.95,-0.0,Low
454,37.04613572441339,59161.15025037955,Urban,45.19973788460489,0,0.1061036396860216,581.4608278867827,914.7868848757677,1.1,1006.2655733633445,-0.012332548015044638,0.0,0,489.4737099316734,0.0,-0.0,0.95,-0.0,Medium
455,33.10690751606484,73111.6653330815,Suburban,48.15510903724658,0,0.09013840975092481,982.7684773124607,882.1385638378274,0.9,793.9247074540447,-0.025587559163978587,1.0,1,516.7137918118544,793.9247074540447,277.21091564219023,0.95,790.7441368693476,Medium
456,43.394544600681634,26520.488056371425,Urban,34.25749492045521,1,0.09545969761798251,969.7377176116008,960.551828117085,1.1,1056.6070109287937,0.020997356079257436,1.0,1,557.3723285518282,1056.6070109287937,499.23468237696545,0.95,1424.066931480294,Medium
457,29.47136516370939,31610.454724507235,Urban,17.465185652152144,2,0.07885002744122999,688.1390462640193,842.5722669214493,0.8,674.0578135371595,0.01651330705284273,0.0,0,538.9716942935643,0.0,-0.0,0.95,-0.0,Low
458,36.69526041979227,21630.191585675293,Urban,21.945035117983767,0,0.05800789112071309,415.0233615256027,652.9637461262582,0.9,587.6673715136325,0.02657247214263756,0.0,0,423.02258054276007,0.0,-0.0,0.95,-0.0,Low
459,27.031831611167274,32802.808951144376,Suburban,29.704367100701685,1,0.14671270010462117,585.5639051997591,724.3338572917664,1.1,796.7672430209432,0.01555151305163505,1.0,1,533.2467954887793,796.7672430209432,263.52044753216387,0.95,751.6920765854975,Low
460,74.47087699374583,35657.15164329351,Suburban,25.100029509166188,1,0.09897957139834135,1106.8829676811818,1001.871660454029,1.2,1202.2459925448347,0.012293204110271303,1.0,1,495.3802582376838,1202.2459925448347,706.8657343071509,0.95,2016.334507111148,Low
461,45.52895327957593,50504.867615351424,Urban,18.589724524574848,2,0.21227365271574006,827.8537332103974,964.7280823959148,1.1,1061.2008906355063,-0.0017620687194774072,9.146847776259511e-75,0,513.5719511816302,0.0,-0.0,0.95,-0.0,Low
462,34.50411738011122,62635.76598262564,Suburban,47.74375078148343,0,0.04800077248083526,646.7843075599351,868.1143347394767,1.0,868.1143347394767,-0.013809964127494483,0.24417595383475998,0,514.5323680774425,0.0,-0.0,0.95,-0.0,Medium
463,48.20969866101333,24983.027359990087,Urban,13.689203478118914,0,0.20031760491274864,1073.2462290734393,818.0985560733664,1.1,899.908411680703,0.02351376874277193,1.0,1,439.7123831447642,899.908411680703,460.1960285359388,0.95,1312.7091713987654,Low
464,43.31507925463755,20000.0,Suburban,49.24555453268959,0,0.11462514319022796,762.9484063433756,869.3171461370819,1.0,869.3171461370819,0.027669636248036963,0.16953241801122146,0,501.99593676953344,0.0,-0.0,0.95,-0.0,Medium
465,41.685456007001655,35931.786852467485,Suburban,19.148592834959025,1,0.10092719569191824,802.6714524849509,743.849380209693,1.2,892.6192562516316,0.012927891450632875,1.0,1,471.9927746254262,892.6192562516316,420.62648162620536,0.95,1199.837038838751,Low
466,54.21250050065138,42056.48038677432,Suburban,30.24775161706953,0,0.044966622052917175,1278.1658150571952,799.8643534426427,1.1,879.8507887869071,0.00688667524869444,1.0,1,485.31774382667805,879.8507887869071,394.533044960229,0.95,1125.4055107490533,Low
467,56.36261565070958,41138.87609669971,Rural,43.54932180232722,2,0.06687151457453572,984.2302916002991,1068.6092429491814,1.2,1282.3310915390177,0.006753549298737092,1.0,1,608.1564528939566,1282.3310915390177,674.1746386450611,0.95,1923.083156735037,Medium
468,37.04248278584209,30842.94685862546,Rural,13.083672107851951,1,0.16293168463014987,742.8975370503788,629.8369237712915,0.8,503.8695390170332,0.018646206407777893,0.0,0,475.6316260267823,0.0,-0.0,0.95,-0.0,Low
469,36.3627263903298,38652.86004411815,Urban,15.61294967027233,1,0.01,873.986401409709,845.6655359274885,0.9,761.0989823347396,0.010589005370232087,0.0,0,513.4009434689488,0.0,-0.0,0.95,-0.0,Low
470,40.874224542725344,77475.91587768901,Rural,21.966231101130944,2,0.010238972076261815,910.1953760589859,833.9313573188632,0.8,667.1450858550907,-0.028386063248855245,1.0,1,563.5171853427923,667.1450858550907,103.62790051229831,0.95,295.59858621133094,Low
471,18.0,43952.60109808811,Urban,28.70735436345423,0,0.019405981730023197,964.3056236771247,745.8854274198004,1.1,820.4739701617805,0.004553216608728797,1.0,1,443.6274331207064,820.4739701617805,376.84653704107404,0.95,1074.9547469096638,Low
472,22.272134067021717,30131.179774519038,Rural,60.139464277055964,0,0.15855187904764845,592.679922158139,747.8804333605924,1.1,822.6684766966517,0.018066783635758064,1.0,1,510.9008583674905,822.6684766966517,311.7676183291612,0.95,889.3171312839324,Medium
473,65.50311401166786,28279.74467351806,Urban,4.9331601920597405,2,0.13403683165123628,1125.9238966001583,1004.5869301554341,0.9,904.1282371398906,0.020233553544639814,0.0,0,516.9917621386338,0.0,-0.0,0.95,-0.0,Low
474,69.67451570251926,33358.69780742267,Urban,18.190917630537413,3,0.049348791995923284,1084.8649307148353,1172.2607585997916,1.0,1172.2607585997916,0.014739959236145836,0.34576496913333815,0,583.1193717590035,0.0,-0.0,0.95,-0.0,Low
475,41.264459406654325,82320.05024875152,Urban,24.67315765627248,0,0.07641910292157345,614.2129851687043,861.8337398857462,1.1,948.0171138743209,-0.03488817867556488,0.0,0,454.0595803135047,0.0,-0.0,0.95,-0.0,Low
476,53.648354445836496,33135.140516375366,Urban,36.69846723644304,1,0.10649162019713215,797.1139222424287,1145.5927387337895,1.1,1260.1520126071684,0.01520961146825317,1.0,1,503.1614993795505,1260.1520126071684,756.990513227618,0.95,2159.31543898178,Medium
477,49.66875231815304,35957.85465997809,Suburban,23.99813039121628,1,0.15098373013694902,814.9485315277318,912.5426006964378,0.8,730.0340805571503,0.01255833031377688,0.0,0,484.2102521806541,0.0,-0.0,0.95,-0.0,Low
478,80.0,28533.759655052414,Rural,9.648171845923018,0,0.04934635027637368,832.0655028909827,677.200479764286,1.2,812.6405757171432,0.02114203281937371,1.0,1,420.7958692214119,812.6405757171432,391.84470649573126,0.95,1117.7370252790734,Low
479,61.79362367151865,62911.966984680934,Suburban,24.421025530432303,0,0.10666011193083474,955.0938772254491,848.9565988516529,0.8,679.1652790813223,-0.013185163223958915,1.0,1,453.96664687797943,679.1652790813223,225.19863220334287,0.95,642.3790983600355,Low
480,43.0812361277885,96753.19439720344,Suburban,12.982750004443153,1,0.08278521284130563,733.63078252851,587.7213641126309,1.2,705.2656369351571,-0.04811915705283056,0.0,0,480.23217441995837,0.0,-0.0,0.95,-0.0,Low
481,30.666893390993614,45492.67144009659,Suburban,43.254650677156796,1,0.09485081598432263,886.4004276790977,956.0713733344163,0.9,860.4642360009747,0.0028878905119141813,6.313726241486032e-121,0,510.87921966065556,0.0,-0.0,0.95,-0.0,Medium
482,20.90330519613641,37850.00730607712,Urban,61.55544838707379,0,0.05517557738903511,926.6152724117742,1001.6193064629152,0.9,901.4573758166238,0.009444706372990877,0.0,0,526.3322917214163,0.0,-0.0,0.95,-0.0,Medium
483,48.051954538008346,36989.57579225773,Urban,27.76190413346555,0,0.11049121138731258,899.1289113359496,774.8387911457886,1.0,774.8387911457886,0.010448029885318625,0.4655867889116882,1,475.49022231319145,774.8387911457886,299.34856883259715,0.95,853.8917925949834,Low
484,33.654738820735446,20000.0,Urban,8.403174195964333,0,0.0608776572450376,895.1324618297521,667.072111341263,1.1,733.7793224753894,0.028416655217777344,1.0,1,408.70007425771877,733.7793224753894,325.0792482176707,0.95,927.2885555409056,Low
485,23.666194356034886,52710.78866837237,Urban,12.130705924732561,0,0.10477411522730923,910.9898317623397,604.4416886200413,0.8,483.55335089603307,-0.004223703237122164,1.0,1,410.28312418588735,483.55335089603307,73.27022671014572,0.95,209.00332169069068,Low
486,35.301406736362104,38835.234064849355,Urban,19.259416863350122,0,0.17812488717755273,843.0028454324801,711.2549943050408,0.9,640.1294948745367,0.008724654719611903,4.453755066732969e-270,0,429.76810528505155,0.0,-0.0,0.95,-0.0,Low
487,28.776779945784074,44988.8979157452,Urban,50.92223823359892,0,0.15218609793244622,416.39814303798335,933.7464268313713,1.2,1120.4957121976456,0.002095609041830624,1.0,1,495.40809555137344,1120.4957121976456,625.0876166462722,0.95,1783.0624264834914,Medium
488,70.30712452608847,25444.856590735668,Urban,12.20694827885172,0,0.1694904696795112,597.1979507669305,871.3472089504681,1.2,1045.6166507405617,0.021071346477001127,1.0,1,448.0409839123523,1045.6166507405617,597.5756668282094,0.95,1704.5845896274673,Low
489,58.224596354241754,29964.587912742,Urban,9.96967292955549,0,0.11582106970847986,541.3282671249206,751.3547322466084,0.9,676.2192590219476,0.017619422039768226,0.0,0,394.6031389358126,0.0,-0.0,0.95,-0.0,Low
490,44.88041038025074,29569.169653587505,Rural,4.640622311798649,1,0.15664185082800622,585.1939469172653,468.0598259466728,1.0,468.0598259466728,0.01976180610090781,0.4825087192941617,1,439.2622865106138,468.0598259466728,28.79753943605897,0.95,82.14498124135821,Low
491,67.19916208335039,60524.98246168909,Urban,29.87511847548563,0,0.01,602.1096404885708,964.4948684790869,0.9,868.0453816311782,-0.012122867606240442,1.0,1,417.8978658787897,868.0453816311782,450.14751575238853,0.95,1284.0457886836882,Low
492,46.16052461471428,30050.06435920864,Suburban,8.203059897859447,0,0.01527054642765499,1007.3040466450116,558.233177741412,1.0,558.233177741412,0.017788650577762178,0.6266556942759257,1,440.01426614240336,558.233177741412,118.2189115990086,0.95,337.21944533617204,Low
493,32.08073698007605,102881.19563545324,Suburban,9.790815824019775,0,0.04974940538534422,1066.8448574257282,589.606315934837,0.9,530.6456843413533,-0.05461788281243073,1.0,1,425.676496508548,530.6456843413533,104.96918783280535,0.95,299.42460829307726,Low
494,67.84686115904486,45045.62795068499,Suburban,48.09447106200602,0,0.053199740042712995,928.6379648125817,1047.424632077703,0.9,942.6821688699329,0.0033774424791613313,6.810222728798265e-155,0,471.40429615559236,0.0,-0.0,0.95,-0.0,Medium
495,53.08365065526988,20000.0,Urban,30.533797835614045,2,0.15239568993149116,601.3622534627324,1065.4871069994201,1.1,1172.0358176993623,0.027381679860513583,1.0,1,556.6792324215079,1172.0358176993623,615.3565852778544,0.95,1755.3046595050796,Low
496,29.441307685103155,34054.819839262454,Urban,33.22302773019959,0,0.024563626465134075,615.5475819889984,780.4758071477655,0.9,702.4282264329889,0.013705701778884392,0.0,0,475.4367506800945,0.0,-0.0,0.95,-0.0,Medium
497,42.14491982874588,26216.976525993974,Urban,14.428980700263129,0,0.03216283854965524,670.8002966963321,613.0662404068934,1.0,613.0662404068934,0.021679233222932633,0.4706914813617151,0,440.69407868120635,0.0,-0.0,0.95,-0.0,Low
498,31.865726199228643,20000.0,Urban,51.47428481661426,0,0.09390507332541657,653.5140783704821,1025.8125553090963,1.2,1230.9750663709156,0.02806032982561907,1.0,1,523.2084273658068,1230.9750663709156,707.7666390051088,0.95,2018.9043377620728,Medium
499,24.25800403553496,80800.26062467514,Urban,44.10908454889919,0,0.10684955202025605,1064.1173765986962,911.2556017021607,1.1,1002.3811618723769,-0.03213818279757074,0.0,0,455.81708247279875,0.0,-0.0,0.95,-0.0,Medium
500,58.892663212974625,51615.189128561724,Suburban,26.836385693580528,0,0.1437524412473042,528.5428774322096,786.0895518941517,0.9,707.4805967047365,-0.003254016938690701,1.0,1,474.8893572339536,707.4805967047365,232.5912394707829,0.95,663.4665105904082,Low
501,73.64124960705196,47410.72078224507,Suburban,12.055833748822792,1,0.08663024664722564,862.7782526772463,876.9258909009724,0.9,789.2333018108751,0.0008422487731128877,5.866779901207665e-33,0,440.20355629833807,0.0,-0.0,0.95,-0.0,Low
502,24.02148639271288,39446.54842890335,Suburban,53.21606890049419,0,0.09086425235689068,545.2067629186884,720.088385261767,1.1,792.0972237879438,0.008588322114025734,1.0,1,525.881293951119,792.0972237879438,266.2159298368248,0.95,759.3809398595428,Medium
503,53.444538550358565,20000.0,Suburban,9.69653460680734,1,0.14435996767803008,899.2046901672455,791.5597281237979,1.2,949.8716737485574,0.029167546849440774,1.0,1,486.56950176785296,949.8716737485574,463.3021719807045,0.95,1321.5694455749597,Low
504,35.2403614631726,28515.16785779532,Urban,27.763188914168857,0,0.05500524449016791,723.5660313207069,758.9929084662101,1.2,910.7914901594521,0.019789748710371622,1.0,1,503.3761897255849,910.7914901594521,407.41530043386723,0.95,1162.1521444876064,Low
505,37.69311924352956,55320.03328125843,Rural,6.5068149890815095,1,0.10613341792519412,575.6094269615909,564.9987964323769,1.0,564.9987964323769,-0.006502404185631698,0.5161718123757155,0,455.0182198403243,0.0,-0.0,0.95,-0.0,Low
506,36.11409113641696,21469.52968839653,Urban,59.578756182703884,1,0.1284979983776217,688.3834833305297,1103.6704976532124,1.0,1103.6704976532124,0.02590591114053585,0.11857604838259338,0,554.3492261800725,0.0,-0.0,0.95,-0.0,Medium
507,32.04013845480276,20000.0,Suburban,23.6448154537431,0,0.08148062212680439,900.0900465322369,585.6047319491247,1.1,644.1652051440373,0.028297766867322945,1.0,1,453.15154096382946,644.1652051440373,191.0136641802078,0.95,544.8664770740428,Low
508,45.72782441917241,32417.28334440854,Suburban,9.16594711979646,1,0.1430338252705712,474.42822793471936,630.9169600919818,0.8,504.73356807358545,0.016057802253215996,0.0,0,471.64777814443175,0.0,-0.0,0.95,-0.0,Low
509,32.535748253834434,33830.60763324115,Suburban,6.4856274037790245,0,0.057161978898793445,674.4847541869237,481.26680712932,1.2,577.520168555184,0.014465107696798504,1.0,1,457.28736309924363,577.520168555184,120.23280545594037,0.95,342.9640775630699,Low
510,49.056852386697585,38862.36996008797,Urban,45.130907765102904,0,0.17811772102084644,762.5892034541736,991.2136414167403,0.8,792.9709131333923,0.009267258431178298,0.0,0,462.07562655377654,0.0,-0.0,0.95,-0.0,Medium
511,44.246428358262946,52274.25756751642,Suburban,16.503174043510683,1,0.0842632163344814,524.7468056748269,691.138203161452,1.1,760.2520234775973,-0.0047288473466420185,5.582656835476557e-143,0,468.63305588268486,0.0,-0.0,0.95,-0.0,Low
512,41.41577929700385,49951.254861605536,Urban,2.6169337791887735,0,0.07804904140718343,609.527065900573,593.9826248736251,1.0,593.9826248736251,-0.001328301419573729,0.5900337076531164,0,384.1089657181805,0.0,-0.0,0.95,-0.0,Low
513,31.386545069376034,41331.69436288191,Urban,21.77838650751571,1,0.026957628758026972,1090.5583175736767,834.5009362890445,0.9,751.05084266014,0.00685551489535641,6.584466679856466e-249,0,502.29979778051126,0.0,-0.0,0.95,-0.0,Low
514,36.34843004147501,66023.47859540043,Urban,74.78584402446893,1,0.04399535274515901,535.4491541460281,1176.9097400926623,0.8,941.5277920741299,-0.018979676711305127,1.0,1,590.348831106008,941.5277920741299,351.17896096812194,0.95,1001.7379861615678,High
515,56.33086838738634,20000.0,Urban,18.516490897959088,1,0.05941993101139062,692.8759340714876,904.7145945491959,1.1,995.1860540041156,0.02771022578106414,1.0,1,495.76779611493043,995.1860540041156,499.41825788918516,0.95,1424.5905806289006,Low
516,52.51375781436571,46736.97597990625,Suburban,71.38466925619448,1,0.04360198985510344,896.894078686906,1231.6276887193042,0.8,985.3021509754434,0.0006132470780227119,4.7180433557381e-67,0,605.6521197371861,0.0,-0.0,0.95,-0.0,High
517,30.336671328021737,49675.60177893694,Rural,58.10305470485832,0,0.04087386968554792,785.0076371305156,820.4394694205055,0.8,656.3515755364044,-0.0008110411226657698,1.0,1,527.2300444980125,656.3515755364044,129.12153103839194,0.95,368.319167287013,Medium
518,46.489984581438385,20000.0,Urban,33.85687231982269,2,0.10219336232467081,685.739607115271,1125.6571134556025,1.0,1125.6571134556025,0.02784452155713653,0.1570931289906673,0,566.5363541176486,0.0,-0.0,0.95,-0.0,Medium
519,56.27080685057683,20000.0,Rural,14.710588734759533,0,0.1300571584714906,956.9303973821043,651.5525544447867,1.2,781.863065333744,0.028673844817834006,1.0,1,443.52251047652874,781.863065333744,338.34055485721524,0.95,965.1164327302065,Low
520,19.958920783179423,25009.947801446746,Rural,36.19713828541355,0,0.1139785996836653,384.68122598231906,605.0924956183443,0.8,484.07399649467544,0.023613123511815548,0.0,0,476.0750865606378,0.0,-0.0,0.95,-0.0,Medium
521,53.15040288569902,26087.962466522196,Rural,21.50626421115305,0,0.01,939.9334186236666,646.6630816256509,1.0,646.6630816256509,0.022049654650339173,0.45007612067214037,1,433.97399402065975,646.6630816256509,212.68908760499113,0.95,606.6956223932372,Low
522,35.060643615812296,52929.161960608144,Rural,31.947017348221866,0,0.04792553222925433,610.0784742291623,618.8457808457655,0.9,556.9612027611889,-0.004752694716752775,1.0,1,453.92602095669787,556.9612027611889,103.03518180449106,0.95,293.90785609731074,Low
523,53.55898002889739,26708.32539026525,Urban,12.904676970833012,0,0.1568546119245008,300.0,695.3409188591351,1.1,764.8750107450486,0.021711600707094048,1.0,1,420.48904131544083,764.8750107450486,344.38596942960777,0.95,982.3609777979561,Low
524,33.55111265186225,23666.734673027,Urban,16.0430200158067,0,0.03281608413183747,1231.112606656592,666.4746953366484,1.2,799.7696344039781,0.024206637898134504,1.0,1,461.7336027348544,799.7696344039781,338.0360316691237,0.95,964.2477803361754,Low
525,18.0,26747.14804908033,Suburban,37.361748169436815,0,0.09394745610206369,807.4770674140495,585.782868554316,0.9,527.2045816988845,0.02172728842556734,0.0,0,475.3782073035113,0.0,-0.0,0.95,-0.0,Medium
526,20.586863431752562,63533.090988626056,Suburban,30.610715721702284,0,0.045191917526409255,953.7460605203378,723.3965951546145,1.2,868.0759141855374,-0.014320393527185829,0.0,0,463.30869084157945,0.0,-0.0,0.95,-0.0,Low
527,45.72127419992073,36553.11499721694,Rural,3.4958951169009325,1,0.16527023572575983,1015.1313291702282,588.9600926437414,1.2,706.7521111724897,0.012034578510821315,1.0,1,455.4082982200306,706.7521111724897,251.34381295245907,0.95,716.9582264468895,Low
528,48.89583752582223,33202.30191604099,Rural,41.5843454433388,1,0.06027200701084979,615.102324577346,890.9219087946224,1.1,980.0140996740847,0.014872182539141559,1.0,1,512.9840272898559,980.0140996740847,467.0300723842288,0.95,1332.2032814760125,Medium
529,31.435250623433873,34371.98942086235,Suburban,24.229191942212882,0,0.1343886609540555,747.9735166392454,649.926982528297,1.1,714.9196807811268,0.014140304524019091,1.0,1,415.6405530642476,714.9196807811268,299.27912771687915,0.95,853.6937118123977,Low
530,54.57888688166061,69288.21875311942,Urban,12.768519436038279,0,0.06377983950288457,792.8906157796891,756.9977430493618,1.2,908.3972916592342,-0.02088815765901677,0.0,0,432.5941131062,0.0,-0.0,0.95,-0.0,Low
531,20.0771990659656,24969.594326306702,Urban,48.765782178425724,0,0.01,659.4352708696474,808.8304240656606,1.2,970.5965088787927,0.022876987492005372,1.0,1,479.5294808289147,970.5965088787927,491.06702804987805,0.95,1400.7686975122772,Medium
532,44.00880302029025,70105.33288140081,Urban,22.150768966764147,0,0.1235484581304204,1037.654679266611,866.5579396588155,0.9,779.9021456929339,-0.022380403238972203,1.0,1,453.51096250527195,779.9021456929339,326.39118318766197,0.95,931.0308500428058,Low
533,26.83475700356315,40346.02474285605,Suburban,23.721816750124145,0,0.01,1066.2961819605925,617.3056904210963,1.2,740.7668285053155,0.008094765528028583,1.0,1,447.3526615460631,740.7668285053155,293.41416695925244,0.95,836.9639112512676,Low
534,35.222458382967616,33516.40532079477,Suburban,40.25769554690521,0,0.05433714250181424,774.0975662411237,817.4109497272029,0.9,735.6698547544827,0.014456119031947118,0.0,0,501.2694571334697,0.0,-0.0,0.95,-0.0,Medium
535,45.71098006974621,126810.64251469832,Rural,20.980840695392537,1,0.19329429127505177,899.7721380315362,828.7694558523764,1.2,994.5233470228516,-0.07859776934250604,0.0,0,507.8546512301412,0.0,-0.0,0.95,-0.0,Low
536,32.09379952074072,21422.140202652976,Suburban,4.178098226175981,1,0.25648669053221235,970.9225409991376,537.4734843820617,0.9,483.7261359438555,0.026746276193431083,0.0,0,471.1111907101005,0.0,-0.0,0.95,-0.0,Low
537,39.23166683655262,30429.174668207,Rural,12.082779038310445,0,0.10100578292304921,856.3098946755306,581.748283913345,1.0,581.748283913345,0.018477379387561305,0.5416136135997975,1,406.1266025710558,581.748283913345,175.62168134228915,0.95,500.9608460288798,Low
538,60.094392138216605,20000.0,Suburban,44.95338224718131,0,0.05542846056898194,684.7544571988493,945.4724019980154,1.1,1040.019642197817,0.027615356544843886,1.0,1,447.89307714953867,1040.019642197817,592.1265650482783,0.95,1689.0410268002138,Medium
539,36.34662195715277,58467.772575059775,Rural,9.659407175268928,0,0.10129587657909865,303.3163980634383,409.5768586294014,1.0,409.5768586294014,-0.009332609787289106,0.4524072872100826,1,444.3934224929218,409.5768586294014,-34.8165638635204,0.95,-99.31424842069194,Low
540,57.535381680977125,84507.40704373035,Urban,34.01266399590174,1,0.034297573526415936,818.8899595808929,1081.307977026502,1.1,1189.4387747291523,-0.03677072856589709,0.0,0,519.6178764805207,0.0,-0.0,0.95,-0.0,Medium
541,28.05439718013573,83697.24917981603,Rural,31.24080753833301,0,0.0788896651332684,959.0292658961887,659.665346098462,1.2,791.5984153181544,-0.03534140545103467,0.0,0,460.2477850997815,0.0,-0.0,0.95,-0.0,Low
542,52.947062668729245,66968.28154967475,Suburban,34.105656901003975,0,0.18011942489004446,611.2132328807448,784.8118665097847,0.8,627.8494932078279,-0.018959504150609634,1.0,1,463.4573737884608,627.8494932078279,164.39211941936708,0.95,468.9285206437446,Medium
543,66.6235293098685,32898.744209534765,Urban,24.900918990604083,0,0.11047328777564064,834.3254096269656,1024.2209959960223,0.8,819.3767967968179,0.014226764152999375,0.0,0,460.5920350410941,0.0,-0.0,0.95,-0.0,Low
544,18.0,30253.873693835372,Urban,12.004001877768207,1,0.028879915441837628,889.1169250736925,707.0872771504719,1.1,777.7960048655192,0.01834069743996085,1.0,1,497.81285476115806,777.7960048655192,279.98315010436113,0.95,798.6519356726901,Low
545,33.046571167942844,20000.0,Rural,20.27231846725181,1,0.12032176990764618,890.2156061557758,623.7519574611131,1.1,686.1271532072244,0.02867250953523026,1.0,1,479.48274468509373,686.1271532072244,206.64440852213068,0.95,589.4531753093778,Low
546,53.6560819077081,100502.38801988859,Urban,20.594331033656072,0,0.014417840122838393,824.9793388636546,852.0519352715031,0.9,766.8467417443528,-0.05281244781590243,1.0,1,408.70085990677296,766.8467417443528,358.14588183757985,0.95,1021.6111279416965,Low
547,41.95431920935511,45912.332371303506,Suburban,52.73053241261928,0,0.01,600.1291617588391,897.102275703301,1.1,986.8125032736311,0.001072188456061899,1.0,1,541.0710862297602,986.8125032736311,445.7414170438709,0.95,1271.4773921176418,Medium
548,50.56718810056963,28396.51051940542,Urban,40.68945002988986,1,0.138287815128095,1041.2034053669645,1038.6358859856812,1.2,1246.3630631828173,0.01913113455247899,1.0,1,539.1646386055033,1246.3630631828173,707.198424577314,0.95,2017.283506106788,Medium
549,35.94022219926269,70546.57750586158,Suburban,12.050995107237064,3,0.06181285476765508,791.0273004010938,860.5989430125998,0.9,774.5390487113398,-0.021762718395962506,1.0,1,583.056507186409,774.5390487113398,191.48254152493075,0.95,546.203949699865,Low
550,46.2988468120935,22328.46814277258,Rural,39.0835541831471,0,0.17867462639088547,692.5859079979826,795.0230211957886,1.1,874.5253233153676,0.026427898668455706,1.0,1,426.03255660974736,874.5253233153676,448.4927667056202,0.95,1279.3256170277816,Medium
551,42.664841469118805,44502.96152712894,Urban,6.833480153903849,2,0.04728132803753924,471.63057229690577,783.2190416507323,1.1,861.5409458158056,0.0039024852807530283,1.0,1,519.1260638401222,861.5409458158056,342.41488197568333,0.95,976.7384508356367,Low
552,62.51673092489711,33312.41511807203,Suburban,30.07428697046446,0,0.16137592893509367,880.8473877572212,784.709119581178,0.9,706.2382076230602,0.015506445175187207,0.0,0,420.5761725954744,0.0,-0.0,0.95,-0.0,Low
553,48.816312649518196,49978.01910950533,Rural,28.26157120814737,1,0.18207856880086337,1291.2721129805132,795.5285708172134,1.2,954.634284980656,-0.0018957746098901668,1.1385268965924562e-131,0,500.5262217425612,0.0,-0.0,0.95,-0.0,Low
554,50.064039931128036,35179.303869106894,Suburban,14.012893866333192,0,0.10778070443693344,752.9174206088933,585.0114464773629,0.9,526.5103018296267,0.013356990509975528,0.0,0,441.9613399590747,0.0,-0.0,0.95,-0.0,Low
555,38.82184550816299,20000.0,Rural,6.575335528643299,1,0.08487006314776324,702.5458654031042,605.675965520537,1.1,666.2435620725907,0.028426348400116964,1.0,1,469.5676054101941,666.2435620725907,196.67595666239663,0.95,561.0181663794864,Low
556,37.6859066389126,37714.05766656607,Suburban,12.845724195362877,1,0.06997737965427343,797.4817083241022,705.1446095283719,0.9,634.6301485755347,0.010969577986398976,0.0,0,489.8228113184748,0.0,-0.0,0.95,-0.0,Low
557,38.51162718270569,61355.007640356605,Urban,13.153502104992345,0,0.07310630078649297,784.9016771840855,646.3500073533123,0.8,517.0800058826499,-0.012639835466001989,1.0,1,415.47539182738274,517.0800058826499,101.60461405526712,0.95,289.8271615926495,Low
558,50.91678213567445,35788.85449900189,Suburban,13.328160829042538,0,0.019903455062346503,726.4844881999085,636.6433084297865,0.8,509.31464674382926,0.013313074624874455,0.0,0,408.3580629018898,0.0,-0.0,0.95,-0.0,Low
559,38.68523278769605,53506.45398246617,Suburban,37.92692623618928,0,0.13203568977660884,1215.1016745159177,768.0808473886742,0.9,691.2727626498069,-0.005090860847789296,1.0,1,468.9327867617678,691.2727626498069,222.33997588803908,0.95,634.2247812206315,Medium
560,49.34662285344619,21530.70332778996,Urban,3.7095343800114042,0,0.13028133849328033,808.8766639415486,637.0568085201182,1.2,764.4681702241419,0.026178953974883026,1.0,1,406.9005975927242,764.4681702241419,357.5675726314177,0.95,1019.961500931119,Low
561,76.13101197968157,35841.782592468655,Urban,48.85623746403087,0,0.08852777467704097,539.3954533213132,1105.8604085442237,1.0,1105.8604085442237,0.010667186293401801,0.09640535398684345,0,486.1689767688569,0.0,-0.0,0.95,-0.0,Medium
562,58.06687055147539,26575.493482282633,Urban,11.884627688443102,1,0.10149760800511558,564.4670733322519,869.4658490964781,1.0,869.4658490964781,0.021431840492864923,0.2800173464059256,0,471.7226111157857,0.0,-0.0,0.95,-0.0,Low
563,40.10964701748238,52759.040474270776,Suburban,32.33794170176799,1,0.07730275309668777,1027.845871955447,936.2107263256486,1.2,1123.4528715907782,-0.004696183975087804,0.0,0,514.9589259554542,0.0,-0.0,0.95,-0.0,Low
564,63.01820883245917,36891.84419712659,Rural,37.32064718998686,1,0.03917895767349158,856.8192422019059,908.334289034989,0.8,726.6674312279912,0.0115131243262239,0.0,0,529.8764127859608,0.0,-0.0,0.95,-0.0,Medium
565,38.87886940467673,51279.012693806704,Urban,47.70753353887301,0,0.03479827470866724,729.681364729863,922.7191484484606,1.2,1107.2629781381527,-0.0034351247580397966,1.3457265338166174e-276,0,538.536632014932,0.0,-0.0,0.95,-0.0,Medium
566,18.0,62558.363317915,Suburban,39.31820354627364,1,0.07158032277938056,713.036989517323,805.7574156930873,0.9,725.1816741237786,-0.013902347606411678,1.0,1,509.24749925529875,725.1816741237786,215.9341748684799,0.95,615.9522338123389,Medium
567,29.878705336238937,51318.63843847515,Rural,17.98852400338787,1,0.08037191859743441,939.429891604,580.3803748903966,0.9,522.342337401357,-0.0028130427325190927,1.0,1,500.0249165991022,522.342337401357,22.317420802254787,0.95,63.660442838431784,Low
568,18.0,41629.28717385612,Urban,14.41442231064311,1,0.15777491828984597,642.1577801246372,637.9584699365371,1.1,701.7543169301908,0.006926167949829604,1.0,1,479.4466836166081,701.7543169301908,222.30763331358276,0.95,634.1325240269948,Low
569,39.72729773938037,22046.163410430596,Suburban,40.77186561898811,0,0.13342336446952335,770.0782367018488,856.8492834832306,1.2,1028.2191401798766,0.02635811913439828,1.0,1,518.0653411207229,1028.2191401798766,510.1537990591537,0.95,1455.213711816236,Medium
570,45.276275687843274,36264.94839019236,Rural,43.73777860949701,0,0.17701699146263714,945.747743879276,895.6553788102216,0.9,806.0898409291995,0.011685905528220351,0.0,0,470.1954456677989,0.0,-0.0,0.95,-0.0,Medium
571,70.14655968412924,27818.451401480463,Rural,27.744819998085656,0,0.13450781859296118,651.3578526313054,754.0579072003044,1.1,829.4636979203349,0.020255402491003646,1.0,1,450.9601299285276,829.4636979203349,378.5035679918073,0.95,1079.6814276966304,Low
572,49.90391060646244,30575.919131718605,Urban,12.064827471996896,0,0.020751593152043363,1054.3635005419694,723.2117936061943,0.8,578.5694348849555,0.017785422838331403,0.0,0,416.85998180322474,0.0,-0.0,0.95,-0.0,Low
573,41.71349206786704,30113.62254571672,Urban,22.269096074182418,0,0.025772292975404093,472.4807076407308,780.4787375175947,1.1,858.5266112693542,0.017426457623468762,1.0,1,403.4813105932223,858.5266112693542,455.04530067613194,0.95,1298.0167201786664,Low
574,57.441083717752335,22248.663371721817,Urban,36.26294967974677,0,0.04699085698040215,807.6345234536136,1018.2194084669064,1.1,1120.0413493135973,0.025112484971521843,1.0,1,472.5775680164495,1120.0413493135973,647.4637812971478,0.95,1846.890436150114,Medium
575,18.0,20000.0,Suburban,10.594589920548952,2,0.08236502604958915,815.2317952608507,653.0211051270317,1.0,653.0211051270317,0.028729014866306433,0.4935964041291676,1,523.6169715156249,653.0211051270317,129.4041336114068,0.95,369.1252911265379,Low
576,48.53421837162849,26001.993206042378,Suburban,33.03334496164669,0,0.061189727017457674,375.2100903475507,721.7194090342892,1.2,866.063290841147,0.02279438661210762,1.0,1,453.4115177768431,866.063290841147,412.65177306430394,0.95,1177.089182665927,Medium
577,56.562977908304504,40002.19977512566,Suburban,16.98894778622002,0,0.13460042563040897,651.4641797410053,723.0233098942443,1.2,867.6279718730932,0.008276255108585557,1.0,1,392.2055724105032,867.6279718730932,475.42239946259,0.95,1356.142394467038,Low
578,22.821206313302376,20000.0,Urban,15.650829480376224,1,0.15892516479998764,919.3108372820182,759.1222061899177,0.9,683.2099855709259,0.02842258964210964,0.0,0,499.1347458465001,0.0,-0.0,0.95,-0.0,Low
579,62.15631064810394,36601.37614364709,Urban,24.043801545482054,1,0.03958509683116318,655.8465275210074,978.5509450458242,1.0,978.5509450458242,0.011569078034228592,0.24902547009182605,0,532.3943277043907,0.0,-0.0,0.95,-0.0,Low
580,50.07744611241621,93913.94959552151,Suburban,47.5767195424836,0,0.017854574568407652,747.1002657097497,1014.9084655798457,1.1,1116.3993121378303,-0.046295583979241994,0.0,0,520.171986647855,0.0,-0.0,0.95,-0.0,Medium
581,38.77068129148798,60568.381448954584,Suburban,37.93915703845169,0,0.1822197057000242,718.6896301609457,795.6827191532825,1.2,954.819262983939,-0.011826889482759728,0.0,0,476.5643179350925,0.0,-0.0,0.95,-0.0,Medium
582,54.491727991594274,82600.47867261563,Suburban,32.69649580485592,0,0.11157131449173452,994.7790902435081,792.8768594354477,1.0,792.8768594354477,-0.03386853816448394,0.48899015512321836,1,462.6345421005572,792.8768594354477,330.2423173348905,0.95,942.0162101977752,Low
583,79.06039286706593,44159.52561442746,Suburban,76.39676025083219,0,0.07323324238269038,868.5273128712062,1326.767451571904,0.9,1194.0907064147136,0.0019099829134926888,7.010724538344764e-112,0,577.4506158972633,0.0,-0.0,0.95,-0.0,High
584,47.72799382587743,65104.88810611147,Urban,46.96773272362428,1,0.17907859249039448,709.991448397035,1065.681470220713,1.2,1278.8177642648554,-0.017393330679811733,0.0,0,568.3235823489526,0.0,-0.0,0.95,-0.0,Medium
585,48.723308794505044,25286.290105268505,Urban,24.20623397745806,0,0.1622597660071152,656.6542019346311,805.0580233853664,0.9,724.5522210468298,0.023209582528100972,0.0,0,452.2692231057772,0.0,-0.0,0.95,-0.0,Low
586,38.109586506896335,26313.30191366064,Urban,22.00355697811031,1,0.0704182207911247,973.2490649000174,912.9199823113089,1.0,912.9199823113089,0.021623325403811858,0.4448544828923466,0,495.52972902643825,0.0,-0.0,0.95,-0.0,Low
587,32.25233445802812,20000.0,Urban,41.33622514714107,0,0.14352217987534396,828.851617393512,927.9985194701883,0.8,742.3988155761507,0.028070804510881675,0.0,0,495.726183417614,0.0,-0.0,0.95,-0.0,Medium
588,57.455037248163684,65714.35915734747,Urban,32.910932817787675,1,0.15761500012332105,1001.4894798686122,917.918677988418,1.0,917.918677988418,-0.018659368124162388,0.46779957816230716,0,519.6758111860174,0.0,-0.0,0.95,-0.0,Low
589,32.15874261136699,78445.70354834615,Urban,9.268943824002289,0,0.14192780543560715,923.531675714688,614.7339197004574,0.9,553.2605277304117,-0.030795015015452024,1.0,1,445.4100279687111,553.2605277304117,107.85049976170058,0.95,307.6435505702509,Low
590,46.073493558290885,27540.4573067008,Urban,14.40797084055892,1,0.1634062976821162,300.0,761.1257368019078,1.0,761.1257368019078,0.02044860934010451,0.23697624154613728,0,490.1673529555376,0.0,-0.0,0.95,-0.0,Low
591,37.83513829852325,31985.05837002813,Urban,9.207180799799925,0,0.0525230746503089,1014.4430785881364,675.3203698237216,1.0,675.3203698237216,0.01591459459878004,0.6664946820903553,1,432.6479420990019,675.3203698237216,242.67242772471974,0.95,692.223100084763,Low
592,52.18469738619588,24911.104406798197,Suburban,12.165558973243499,0,0.101305562523882,824.9703960969285,607.2733845337028,1.1,668.0007229870731,0.02395191014361475,1.0,1,437.6920443036596,668.0007229870731,230.30867868341352,0.95,656.955505944437,Low
593,50.00493157930423,43972.810369213665,Urban,16.780934458518427,0,0.1822738268826338,849.2157804919016,767.2898213310107,0.9,690.5608391979097,0.004303528790192364,4.87580813735216e-144,0,431.80552363383174,0.0,-0.0,0.95,-0.0,Low
594,60.563099163868486,63733.54248864985,Suburban,24.00541774534097,2,0.0805097907783132,398.77745643522235,945.214245224761,0.8,756.1713961798089,-0.014488118483147377,1.0,1,584.1136203115746,756.1713961798089,172.05777586823433,0.95,490.79480566413844,Low
595,37.349754017178796,20000.0,Suburban,17.730094355527036,0,0.06774328263320764,702.5594229512516,525.0782029614599,1.1,577.5860232576059,0.029120715100428216,1.0,1,433.7998833163262,577.5860232576059,143.7861399412797,0.95,410.1499641825004,Low
596,40.95187597059943,44565.676892065436,Suburban,17.981201301093844,2,0.10555243647402535,811.6530165873855,833.7922939515046,0.9,750.4130645563541,0.0038162994650746676,5.2332211958466235e-139,0,532.4397947956752,0.0,-0.0,0.95,-0.0,Low
597,30.318544263265387,31623.763110686632,Rural,33.968617911775276,0,0.020848041983140997,543.3790427404035,687.6349403903616,1.0,687.6349403903616,0.016866352990518977,0.26891651504316755,0,462.93275119135865,0.0,-0.0,0.95,-0.0,Medium
598,38.33560109885833,38433.97818836423,Urban,24.16516536587312,1,0.1163185900623752,1065.4453672277718,841.7393837893671,1.2,1010.0872605472405,0.009758086253367894,1.0,1,534.2075272538513,1010.0872605472405,475.8797332933892,0.95,1357.4469392193928,Low
599,50.65950739567278,45683.70737968832,Suburban,50.027033369897055,0,0.016704817168251618,949.2970377858537,968.5113241111234,1.0,968.5113241111234,0.002523102208568762,0.251485553866084,0,466.6055890103347,0.0,-0.0,0.95,-0.0,Medium
600,56.35482924968028,33054.03020848812,Rural,38.717946888072795,1,0.16333817173890836,719.6883963096109,929.4043511561281,0.8,743.5234809249025,0.014011740472453271,0.0,0,515.2584210287006,0.0,-0.0,0.95,-0.0,Medium
601,31.167520137335618,34482.477425950325,Rural,34.78303695686291,0,0.0189424490183156,1162.7567441970064,621.9970400316391,1.0,621.9970400316391,0.013733676620684934,0.5958968976311518,1,483.9253160803025,621.9970400316391,138.07172395133665,0.95,393.8495925711878,Medium
602,58.044088801584905,32632.44821094965,Urban,41.838896117586536,0,0.14246145724496986,873.9624840756852,1006.7522941731986,1.0,1006.7522941731986,0.015421450178992895,0.2504607684236568,1,490.80438571941863,1006.7522941731986,515.94790845378,0.95,1471.7414088644075,Medium
603,65.33456788207427,58992.05783697771,Urban,11.445768394685336,0,0.06351460606624032,1074.4674166280429,836.0730186309286,1.1,919.6803204940215,-0.010726989618663632,0.0,0,427.9050275261235,0.0,-0.0,0.95,-0.0,Low
604,51.20152354835551,44773.869585882014,Urban,37.140454050814306,1,0.04711385117922069,636.8021196780909,1092.6991365124518,0.8,874.1593092099615,0.002941061598160459,2.718266721984597e-280,0,533.1541950372657,0.0,-0.0,0.95,-0.0,Medium
605,73.151937188371,40550.02876314389,Suburban,15.53252701309937,0,0.10131207105167479,895.6107010027488,774.3087577478639,0.9,696.8778819730775,0.007598256722882681,2.393277726703211e-256,0,454.14833182749703,0.0,-0.0,0.95,-0.0,Low
606,33.39316201344641,20000.0,Suburban,49.781699347269225,1,0.11496617592218787,1068.5031226293,1001.8588416887399,0.8,801.487073350992,0.02805466513348411,0.0,0,554.2850601216406,0.0,-0.0,0.95,-0.0,Medium
607,26.330179450328746,30052.770390020556,Urban,27.859424330602867,2,0.104602109267137,1036.8098559674086,934.9149299965111,1.1,1028.4064229961623,0.018097571579162978,1.0,1,559.5961246893828,1028.4064229961623,468.8102983067795,0.95,1337.2813759200885,Low
608,18.31919626643582,56916.1596213738,Suburban,17.33648984118475,0,0.11699666738965903,1001.7937699168771,560.2395290844826,1.1,616.2634819929309,-0.008451403175718816,5.245825378184515e-206,0,461.44148948075895,0.0,-0.0,0.95,-0.0,Low
609,67.44066467233775,37006.479079827695,Suburban,54.15671516955938,1,0.13455099103320245,1048.8654113954804,1231.9026491129578,1.0,1231.9026491129578,0.010819713365838974,0.1450356219036318,0,563.0688507548429,0.0,-0.0,0.95,-0.0,Medium
610,54.81548484531086,50501.87457111281,Suburban,35.926355860830434,0,0.01,1105.469645535401,803.3523418454511,1.0,803.3523418454511,-0.0022834734929074937,0.4607177142575639,1,486.5928921628748,803.3523418454511,316.75944968257625,0.95,903.5563302195487,Medium
611,44.16622993634317,87838.56324980338,Rural,21.70732267481649,1,0.10676142125099768,338.4550628735064,703.2803911509001,1.1,773.6084302659901,-0.039473321709740716,0.0,0,441.69355107516543,0.0,-0.0,0.95,-0.0,Low
612,49.1995293947973,61041.121232453865,Suburban,56.426989687274244,0,0.03180254070718394,714.7518926515249,1010.8775858195633,0.9,909.7898272376069,-0.013421945025605083,1.0,1,504.24673925722175,909.7898272376069,405.54308798038517,0.95,1156.8116584640486,Medium
613,28.117664290524353,38047.06286492617,Urban,58.42182186305228,1,0.03657386078873702,451.524847576506,1059.4901097562458,1.1,1165.4391207318706,0.008830448145221879,1.0,1,553.0127077704528,1165.4391207318706,612.4264129614178,0.95,1746.9463429724442,Medium
614,80.0,28127.567237657073,Suburban,23.039488065171078,0,0.044984905279068656,454.23972138531315,853.8561040919265,1.2,1024.6273249103117,0.02061599684714704,1.0,1,431.54270414155724,1024.6273249103117,593.0846207687545,0.95,1691.773880742872,Low
615,46.93831772962841,20000.0,Urban,4.093090232813572,0,0.01,695.7189523241717,686.085634610204,1.1,754.6941980712245,0.02864682867984293,1.0,1,401.27804999524096,754.6941980712245,353.41614807598353,0.95,1008.119562386743,Low
616,46.64092191907339,33383.18265258091,Suburban,22.135389516518295,0,0.0994477475379853,714.2594709542,626.1007081727294,0.8,500.88056653818353,0.015301498316447448,0.0,0,436.78852751003365,0.0,-0.0,0.95,-0.0,Low
617,55.88649935848038,30853.13830670151,Rural,37.4166212567825,1,0.011641599898593341,1072.1440095409223,967.8626575140992,0.9,871.0763917626892,0.017558633721891016,0.0,0,542.6188651769301,0.0,-0.0,0.95,-0.0,Medium
618,52.2151384760507,44142.7110467123,Rural,20.46757485671224,0,0.12025276051975961,561.6653270835484,704.2374257455152,1.0,704.2374257455152,0.002994156533855266,0.3145473777866158,1,425.9410504068868,704.2374257455152,278.2963753386284,0.95,793.8404106534376,Low
619,48.35826036418697,33625.748823924354,Suburban,10.447485008928055,1,0.17593790250699312,835.839501171995,700.3823459919043,0.8,560.3058767935235,0.01597975755624738,0.0,0,489.9575960443207,0.0,-0.0,0.95,-0.0,Low
620,33.142883168320324,30940.07259010679,Urban,28.16589864710451,1,0.17824056423207865,1119.4830623821804,883.9892475494494,1.1,972.3881723043944,0.015792059696020183,1.0,1,521.8007856452035,972.3881723043944,450.5873866591909,0.95,1285.300520445342,Low
621,52.072025357039934,20000.0,Urban,17.162500895771686,1,0.04544983716311618,769.4110219347851,854.3550301165252,1.1,939.7905331281778,0.028530971427990687,1.0,1,463.29065352360664,939.7905331281778,476.49987960457116,0.95,1359.2159065720393,Low
622,73.2303674471255,22697.63664342539,Suburban,42.37393374145552,1,0.04064083114238283,1190.3856218624392,1150.868924409166,1.2,1381.0427092909993,0.0252193722025449,1.0,1,505.8890271980289,1381.0427092909993,875.1536820929704,0.95,2496.375878170198,Medium
623,65.18130069232467,46088.81249196339,Urban,5.790185271662349,2,0.13906484397584118,424.94156821781473,1000.061351072459,1.0,1000.061351072459,0.0015611134884119739,0.23892491859321835,0,505.73826606580917,0.0,-0.0,0.95,-0.0,Low
624,68.89779939959095,85643.9457708598,Suburban,53.204726662320176,1,0.102833664906601,630.1464979268695,1255.252035697487,1.1,1380.7772392672357,-0.03789483146736568,0.0,0,579.5642768766553,0.0,-0.0,0.95,-0.0,Medium
625,37.33176485353222,34587.14319829743,Urban,45.54877941986037,0,0.09629672702064672,1108.5858772538227,1053.8442490540933,0.8,843.0753992432747,0.013321639955986795,0.0,0,497.28246179651705,0.0,-0.0,0.95,-0.0,Medium
626,30.15592769612129,42783.40346194345,Urban,6.872105218970163,0,0.03460581900645773,664.558598579589,569.197524889666,0.8,455.35801991173287,0.0054755141496898785,3.944031025459578e-271,0,450.140905138343,0.0,-0.0,0.95,-0.0,Low
627,43.11319619850528,58468.24576883788,Urban,12.437882830095534,0,0.1060208451079271,752.0308245566329,663.1055160437952,0.8,530.4844128350362,-0.009597654556795537,1.0,1,396.55032280680905,530.4844128350362,133.93409002822716,0.95,382.04699180551796,Low
628,45.835873684330416,24210.77429582144,Rural,23.498557151496236,0,0.1432546266002433,1134.2731466897949,615.9743601447511,0.8,492.7794881158009,0.02355603086884107,0.0,0,421.66335696849177,0.0,-0.0,0.95,-0.0,Low
629,61.41287277706422,43625.93193322391,Suburban,53.393079243909284,1,0.06137169256732126,932.883866233095,1164.165585276795,1.0,1164.165585276795,0.0036105018983712137,0.15280874281290802,0,534.2767037893461,0.0,-0.0,0.95,-0.0,Medium
630,19.61303055427771,25078.218181641525,Urban,14.826048661112337,0,0.12318857511007604,471.1239061244746,723.1896298176706,1.0,723.1896298176706,0.022746333252826576,0.3677702590867764,0,443.8592999961902,0.0,-0.0,0.95,-0.0,Low
631,67.9432547919092,55961.10748544113,Urban,20.299414162499197,0,0.10798390645186211,923.4416665040493,920.3667516153843,1.1,1012.4034267769227,-0.008812387634290245,0.0,0,454.27426572402845,0.0,-0.0,0.95,-0.0,Low
632,42.629881521315156,39171.37478599279,Suburban,42.22954959755191,0,0.06736187454963655,658.6415618560283,847.8973702180117,0.8,678.3178961744094,0.009090849042139958,0.0,0,494.5274859208039,0.0,-0.0,0.95,-0.0,Medium
633,38.5967839507887,42159.94619440842,Urban,28.407498368160944,0,0.09744525119644924,701.3378388751742,802.436256515418,0.9,722.1926308638762,0.006638071508041805,3.5103398480179506e-232,0,462.59849081813945,0.0,-0.0,0.95,-0.0,Low
634,29.81843437109749,24555.73476577338,Suburban,25.319770397648178,2,0.047670651146494894,781.325512754879,870.0434743703415,1.1,957.0478218073757,0.02451485775347481,1.0,1,580.3567593996463,957.0478218073757,376.6910624077294,0.95,1074.511255518048,Low
635,20.17714992201346,51715.6736436407,Rural,12.345565364442232,0,0.14279256785111807,684.3068004195728,402.15178410333147,1.0,402.15178410333147,-0.002867258392693454,0.6530552463741026,0,424.1447207416414,0.0,-0.0,0.95,-0.0,Low
636,57.34755875942872,102986.836761777,Suburban,39.551310406126944,1,0.048515540227687504,897.9786270420735,1029.480354295696,0.8,823.5842834365569,-0.054206805511645834,1.0,1,552.0335014231069,823.5842834365569,271.55078201345,0.95,774.598605693366,Medium
637,46.09976950782606,21939.504566533316,Suburban,52.44711848696105,0,0.07010482626456765,625.6700544100731,909.862856167265,1.2,1091.835427400718,0.026515789100744303,1.0,1,550.4745204303057,1091.835427400718,541.3609069704122,0.95,1544.2319871331008,Medium
638,25.650586503884192,30641.80390103663,Suburban,40.94551800839728,0,0.1451286530122492,860.7459017889082,778.8149862572775,1.1,856.6964848830053,0.01739721322877117,1.0,1,468.7657589582956,856.6964848830053,387.9307259247097,0.95,1106.5723957002344,Medium
639,25.573818419045757,40774.156357456966,Rural,26.16366192315054,0,0.07383004853154448,951.3507827239841,595.7831835756841,0.8,476.6265468605473,0.007749756388444688,0.0,0,443.14682021005035,0.0,-0.0,0.95,-0.0,Low
640,39.96322951064808,53809.38137766821,Rural,31.702541641481996,0,0.053206993783898655,786.7413295981883,723.4581212739595,0.9,651.1123091465636,-0.00524829148290082,1.0,1,425.21223083398803,651.1123091465636,225.90007831257554,0.95,644.3799733866217,Low
641,70.0353228793409,27452.89366847155,Suburban,18.98735195779282,0,0.10918429202389116,813.8442045954326,750.618017702549,1.0,750.618017702549,0.02052607523625303,0.3200757719117796,0,451.84704634408666,0.0,-0.0,0.95,-0.0,Low
642,41.10612972954593,20000.0,Urban,37.580109413990556,2,0.1897649924987128,818.0743113341666,1154.4719089357325,1.0,1154.4719089357325,0.027291817031851885,0.18338139584694457,1,568.7700665437401,1154.4719089357325,585.7018423919924,0.95,1670.7145054231582,Medium
643,22.45285570322841,71653.31846245573,Suburban,36.12980955540889,2,0.15820442336239116,825.7481153024354,949.6611594781601,1.2,1139.5933913737922,-0.022781475435442716,0.0,0,570.7465353445573,0.0,-0.0,0.95,-0.0,Medium
644,41.313854038710836,53117.04000456277,Urban,33.16301403788519,2,0.1305081551090689,779.3678552756885,1050.1804080557856,0.9,945.1623672502071,-0.004758435679787497,1.0,1,606.6984519917988,945.1623672502071,338.4639152584083,0.95,965.4683182746097,Medium
645,40.90914645378494,20000.0,Suburban,20.392821027285862,0,0.14970984599185783,769.7320360815954,628.4637236165443,1.0,628.4637236165443,0.028123069054642024,0.37929147709503025,0,453.3545125744298,0.0,-0.0,0.95,-0.0,Low
646,18.0,26801.56617374342,Suburban,25.007160500988228,1,0.12581921767679716,775.6276286953675,617.1283372702627,1.0,617.1283372702627,0.022150267947147233,0.456379680009329,0,483.18787707397917,0.0,-0.0,0.95,-0.0,Low
647,44.18557700223282,79546.03699708667,Urban,17.391598940464572,2,0.11143546087287799,837.2135585750314,903.50067899629,1.0,903.50067899629,-0.03121195553610645,0.527446002786249,0,527.2268721055713,0.0,-0.0,0.95,-0.0,Low
648,41.53598204686983,74899.17907979806,Urban,30.892462734135957,0,0.14570086602829557,713.5271569995208,824.0770643042895,0.8,659.2616514434317,-0.02753412075494317,1.0,1,447.4741055640784,659.2616514434317,211.78754587935327,0.95,604.1239746208553,Low
649,55.44309547220128,58065.09636821551,Suburban,22.387499011616843,0,0.11735393588512244,770.7053977533628,756.8925211035457,1.0,756.8925211035457,-0.009455603417705042,0.40136416086284804,0,452.63313507925494,0.0,-0.0,0.95,-0.0,Low
650,72.73434142418017,33254.44705048512,Rural,20.013354834598193,0,0.09733734096255169,998.3368311870554,797.0067680210117,0.9,717.3060912189105,0.015326717558540877,0.0,0,443.8652415130126,0.0,-0.0,0.95,-0.0,Low
651,61.89847544321636,37854.067221472666,Suburban,78.22438181036134,0,0.10931705174081845,1201.345821226708,1356.3519692862915,1.2,1627.6223631435498,0.00969494057367589,1.0,1,582.8763824494727,1627.6223631435498,1044.7459806940772,0.95,2980.137909929855,High
652,40.96666964167754,34014.32700824196,Suburban,3.7351396769405376,0,0.11660475106294359,1292.2145840541043,551.743233164453,1.0,551.743233164453,0.014804152343671509,0.786499450657807,1,414.6534865916433,551.743233164453,137.08974657280976,0.95,391.0485020989398,Low
653,28.402111368874944,63839.020670676655,Urban,33.96368142518621,0,0.11531738941054571,826.7582031624083,782.2214174104865,1.0,782.2214174104865,-0.015708163978250693,0.5119851120040502,0,463.19735072274943,0.0,-0.0,0.95,-0.0,Medium
654,80.0,23437.176893782133,Suburban,7.60204221555065,0,0.11824982303778464,593.7734715288207,727.8775119206206,1.0,727.8775119206206,0.025146096763635637,0.24990881479157717,0,421.1101512572383,0.0,-0.0,0.95,-0.0,Low
655,45.888276510217324,24272.52114896852,Suburban,25.61056536171063,0,0.050653857249804896,751.2948891901773,676.0795404899177,1.2,811.2954485879012,0.02424055880709872,1.0,1,430.311462130352,811.2954485879012,380.9839864575492,0.95,1086.756821370159,Low
656,45.20893937869419,60182.524196756516,Suburban,41.1807423410557,2,0.08965756881952966,829.1529911435591,1130.888728143244,1.1,1243.9776009575685,-0.011574335965346783,0.0,0,574.020108442968,0.0,-0.0,0.95,-0.0,Medium
657,44.638123693349954,35518.866047006486,Urban,13.242681926165009,0,0.0366577130594538,1016.4413221748816,833.9654625903459,0.9,750.5689163313112,0.01223153103852638,0.0,0,428.6038457178098,0.0,-0.0,0.95,-0.0,Low
658,47.971271411517826,72347.31916869577,Suburban,5.612697255424393,1,0.11313346550676674,656.5078755709976,707.2555045199357,1.2,848.7066054239228,-0.023923059489260608,0.0,0,492.5146905851348,0.0,-0.0,0.95,-0.0,Low
659,42.834593821140864,25958.22765945992,Urban,34.49680212711261,0,0.11720778904422022,775.1916931053775,926.8000968478183,1.2,1112.160116217382,0.021331378791193026,1.0,1,486.6691109868878,1112.160116217382,625.4910052304942,0.95,1784.2130924199848,Medium
660,36.39506989679646,35334.348665546655,Urban,15.054011354868063,0,0.16590540653033786,597.8153051803324,667.63656648619,0.9,600.872909837571,0.01343519940781034,0.0,0,435.33150856756663,0.0,-0.0,0.95,-0.0,Low
661,36.79711588139412,22897.740294515293,Rural,11.283683598043847,0,0.1150165626623505,1133.2631936840976,583.5127783106541,0.9,525.1615004795887,0.02594053990859586,0.0,0,432.8209232797147,0.0,-0.0,0.95,-0.0,Low
662,44.50870094676002,36449.43879369341,Urban,21.2939152771646,0,0.08148522268182648,908.5357649958866,859.8096691395889,1.2,1031.7716029675066,0.011308673642200479,1.0,1,466.10460506458895,1031.7716029675066,565.6669979029177,0.95,1613.5651115180729,Low
663,36.84862843299352,20000.0,Urban,60.19609182671801,0,0.07893074590182707,729.0442589936653,1034.6390307570005,1.0,1034.6390307570005,0.028000291381763354,0.13684527783704017,0,519.3558414841827,0.0,-0.0,0.95,-0.0,Medium
664,34.30731325984253,28457.96284573986,Suburban,19.57906451636029,0,0.13228549327556427,812.8174329649703,693.9355807993804,1.0,693.9355807993804,0.0201290780368619,0.43077540667164216,0,458.12622306361226,0.0,-0.0,0.95,-0.0,Low
665,46.596453415378456,20000.0,Rural,16.74504065254624,0,0.06594571668420944,530.0225263912491,580.7550125943466,0.8,464.6040100754773,0.027549646426005284,0.0,0,425.6889794680801,0.0,-0.0,0.95,-0.0,Low
666,41.17534173868717,51377.80848071244,Suburban,20.98207121305497,0,0.10766360699255613,890.9373784220094,673.0518998952043,0.9,605.7467099056839,-0.0030935464531363283,1.0,1,448.6002908020161,605.7467099056839,157.14641910366782,0.95,448.2601604932125,Low
667,67.55989482874033,51963.38785543259,Suburban,9.879504971505163,1,0.1476827088766683,877.0473235471263,775.8726058092533,1.1,853.4598663901787,-0.0033502366312790277,9.509222734648039e-114,0,491.7795131824108,0.0,-0.0,0.95,-0.0,Low
668,18.0,20000.0,Rural,21.410831855686887,0,0.20124130991142228,445.73238853518836,478.89541454584014,0.8,383.11633163667216,0.029015562254591454,0.0,0,463.27939865748493,0.0,-0.0,0.95,-0.0,Low
669,61.37260277883693,70752.48034354654,Urban,52.97657540631489,1,0.15777761733014392,654.1273881462927,1269.1667607022057,0.8,1015.3334085617646,-0.023826091501004166,1.0,1,521.101541065056,1015.3334085617646,494.23186749670856,0.95,1409.796402034361,Medium
670,63.69127788746444,126589.84386133852,Urban,11.683883090320341,0,0.07372972381385005,740.2198232652153,695.6163253855791,0.8,556.4930603084633,-0.07873512966914561,1.0,1,428.38722612964403,556.4930603084633,128.1058341788193,0.95,365.42189199508204,Low
671,18.0,37160.55742054587,Urban,12.544786010173558,0,0.06268256263215519,742.1772059105575,595.4514925714868,0.9,535.9063433143382,0.011099610040919373,1.7284819989584265e-287,0,440.0111767637876,0.0,-0.0,0.95,-0.0,Low
672,39.85968608879477,26355.77960820065,Rural,38.436339959020565,1,0.13150957735263397,698.678121591658,875.5865473937843,0.8,700.4692379150274,0.022229861491578927,0.0,0,517.9074294815618,0.0,-0.0,0.95,-0.0,Medium
673,39.428387010063126,149069.1088975401,Urban,41.96336048135512,0,0.08930770799577356,825.487676922559,946.2641022841166,1.2,1135.51692274094,-0.1006983873672915,0.0,0,503.5458491347398,0.0,-0.0,0.95,-0.0,Medium
674,23.887324579232683,20000.0,Urban,48.94742281613429,0,0.02605504683232647,1078.8621510889923,832.5252778905823,0.8,666.0202223124659,0.027350535424694417,0.0,0,477.5794443966897,0.0,-0.0,0.95,-0.0,Medium
675,33.33274968613687,36682.43222374887,Suburban,4.86919590109109,0,0.2296163020998692,895.7772855605194,440.91375923738684,1.1,485.00513516112557,0.013026170965125967,1.0,1,392.45699950868493,485.00513516112557,92.54813565244064,0.95,263.9935569485869,Low
676,28.341362318012568,39727.98524375281,Suburban,19.180018045041837,1,0.10865059819140462,1035.6432666347691,708.6855867418919,0.8,566.9484693935136,0.009129520907425834,0.0,0,432.44276611822966,0.0,-0.0,0.95,-0.0,Low
677,71.28405665135435,71152.00693559348,Suburban,40.68393808825014,0,0.16246525249823618,872.8873875398601,902.6357875625833,1.0,902.6357875625833,-0.02332295905961586,0.28707793783552144,1,474.1755688531844,902.6357875625833,428.46021870939893,0.95,1222.1827738685604,Medium
678,59.035175897211914,43471.87636134173,Suburban,8.807740800863963,0,0.08332671592379062,736.171925977964,787.8630674186342,1.0,787.8630674186342,0.005047769769636508,0.3917783187746318,0,374.7504195252836,0.0,-0.0,0.95,-0.0,Low
679,64.07332642491238,28301.86696940669,Urban,47.85428932405168,0,0.09843208194388779,764.5646274125342,1157.374664965219,1.0,1157.374664965219,0.018548104179455918,0.13377484517075666,0,519.6928482479177,0.0,-0.0,0.95,-0.0,Medium
680,55.82508096064853,22570.698439331067,Suburban,41.90363129866469,0,0.10757726938955246,960.5525220294636,870.8348477859006,1.2,1045.0018173430806,0.025037805773526448,1.0,1,522.8585521599406,1045.0018173430806,522.14326518314,0.95,1489.413663934907,Medium
681,28.06422343174156,30610.216044228495,Suburban,8.549562963152542,1,0.08635830838249338,908.1295787616873,656.2573553091282,0.8,525.0058842473026,0.017868026224263454,0.0,0,448.58931790956757,0.0,-0.0,0.95,-0.0,Low
682,37.132196005803394,21950.30512960002,Rural,18.535728959551992,0,0.062036376679271976,1066.6338913386783,636.3071603118683,1.0,636.3071603118683,0.0261879161486048,0.5515649979454317,0,433.32236127556064,0.0,-0.0,0.95,-0.0,Low
683,52.34061841841877,37194.36907649342,Urban,19.835129845696482,1,0.2098763634973987,801.3942540541816,896.1155366750072,1.2,1075.3386440100087,0.011008417744666309,1.0,1,491.81722706394686,1075.3386440100087,583.5214169460619,0.95,1664.4948418386416,Low
684,26.668082866620818,27389.141277049483,Rural,33.31848419152239,1,0.11774783895489475,520.9166809101291,763.8645956146245,1.1,840.251055176087,0.022153166227968143,1.0,1,499.63235696754845,840.251055176087,340.61869820853855,0.95,971.6148366398562,Medium
685,55.69497645258582,20000.0,Suburban,21.475148133935694,0,0.02110132516205611,761.0443175324781,634.0570495826893,1.2,760.8684594992271,0.028063379383926328,1.0,1,451.1443405405018,760.8684594992271,309.72411895872534,0.95,883.4880493297641,Low
686,41.39511902762798,68021.0771478272,Urban,14.423097369823282,2,0.10508523039692239,501.5003146640765,872.2213752811776,0.8,697.7771002249422,-0.019937132315616304,1.0,1,525.4639474748727,697.7771002249422,172.31315275006943,0.95,491.5232682195731,Low
687,39.377687886756036,28315.47455594615,Suburban,55.1514651678202,1,0.028061778016008024,773.091374231789,1002.110377094175,1.2,1202.53245251301,0.020106528314515617,1.0,1,533.1800213741004,1202.53245251301,669.3524311389095,0.95,1909.3278098237395,Medium
688,55.664399523052374,20000.0,Urban,18.150243113592467,1,0.05771729864404038,565.2588405804291,981.923475509418,1.1,1080.1158230603598,0.027503065019660246,1.0,1,494.4651847377929,1080.1158230603598,585.6506383225669,0.95,1670.5684458151222,Low
689,51.6639496722906,33385.28232025303,Rural,25.310122741547588,0,0.1053402966138823,781.3721930927737,654.257500494909,0.8,523.4060003959272,0.014318460668731395,0.0,0,461.0516576953632,0.0,-0.0,0.95,-0.0,Low
690,39.585507512713804,37578.440838760325,Rural,35.35198065922277,0,0.1269634509105745,829.4816398769728,761.7165348826671,1.0,761.7165348826671,0.009776707583651567,0.35202253432516184,1,429.6735538180849,761.7165348826671,332.04298106458225,0.95,947.1526034867209,Medium
691,62.38994705046372,20000.0,Urban,18.690228474658692,1,0.01,775.7904499153747,916.6758418296575,1.1,1008.3434260126234,0.027956526225890285,1.0,1,487.09396423922277,1008.3434260126234,521.2494617734005,0.95,1486.864089708625,Low
692,28.78405008600154,42865.55349574378,Urban,36.022247076704225,1,0.18579214504276695,744.8909161967402,974.0113644686168,0.8,779.2090915748935,0.0047347134848365925,0.0,0,513.5297448304225,0.0,-0.0,0.95,-0.0,Medium
693,54.239034104163956,21513.18357345353,Urban,20.331027597449907,1,0.06705780976318844,723.2218752582469,896.736632117173,1.1,986.4102953288905,0.0258044883671436,1.0,1,496.20005083180195,986.4102953288905,490.2102444970885,0.95,1398.324722427945,Low
694,53.89651886952576,85435.27960469434,Urban,60.805605990857046,0,0.0887715152803735,1026.7132230112388,1116.4216871489577,0.8,893.1373497191662,-0.03860202827688996,1.0,1,548.2519728818999,893.1373497191662,344.88537683726634,0.95,983.7855374283022,Medium
695,40.35680341029015,47192.02786006289,Urban,16.459880731842148,1,0.176676634027705,856.3999822834444,832.3249604819351,1.2,998.7899525783221,0.0014317149867933295,1.0,1,506.23852346511774,998.7899525783221,492.55142911320434,0.95,1405.0029515454153,Low
696,49.89199533363177,29734.105668045788,Urban,20.830407057687218,0,0.1855743902426241,495.8998194104367,820.8589272580185,1.0,820.8589272580185,0.01805910396765158,0.26399428083067444,0,462.2498156230227,0.0,-0.0,0.95,-0.0,Low
697,26.233296354220457,25019.63297981891,Suburban,44.89984052218607,0,0.06902264438314637,826.5820493701319,811.6639799278174,0.8,649.331183942254,0.023656955154528862,0.0,0,492.72609432514656,0.0,-0.0,0.95,-0.0,Medium
698,58.860405288103514,34458.678006614326,Urban,48.16220998283903,2,0.15316000767290364,1103.549694039565,1228.7587976802693,0.8,983.0070381442155,0.013125867734905603,0.0,0,591.0571266606959,0.0,-0.0,0.95,-0.0,Medium
699,42.22646795335516,49335.311970877505,Rural,25.418960283196494,0,0.10793617917757209,707.7053434927925,570.2812768188737,1.2,684.3375321826485,-0.0007751620513135027,2.713225190472671e-39,0,409.8018383334474,0.0,-0.0,0.95,-0.0,Low
700,37.15915469221441,35855.52454064126,Rural,61.44465564481298,0,0.23272534931256628,723.0505798913684,881.0734788434901,0.8,704.8587830747921,0.011950788937249959,0.0,0,538.9973060386973,0.0,-0.0,0.95,-0.0,Medium
701,60.73513838755334,32578.915569145058,Suburban,6.836400720069934,1,0.06633299305883791,926.3676133795852,715.0149071800345,0.9,643.513416462031,0.016425600539233958,0.0,0,482.901150845081,0.0,-0.0,0.95,-0.0,Low
702,34.43484464185861,37390.993743604406,Rural,24.753414746415693,0,0.18248476116712978,628.9641588389586,551.7345764942826,1.0,551.7345764942826,0.01132703347531706,0.41817878676814735,1,416.106423757381,551.7345764942826,135.6281527369016,0.95,386.8793056820118,Low
703,23.873080554546604,26851.327347643244,Urban,20.142289676964726,0,0.0707403514424816,563.847454571073,626.5124294920008,0.9,563.8611865428007,0.02151465593775082,0.0,0,449.43999276960824,0.0,-0.0,0.95,-0.0,Low
704,21.650562397141442,30589.039471752396,Urban,27.480912306070422,2,0.04631903741443199,487.0076342381404,919.454153684015,0.9,827.5087383156135,0.01658492777791856,0.0,0,575.5028484976701,0.0,-0.0,0.95,-0.0,Low
705,54.0901492701846,20000.0,Suburban,14.999245673263816,0,0.0848337392326545,935.9568717429725,682.2300862509423,1.1,750.4530948760366,0.02841351792326551,1.0,1,412.476880833136,750.4530948760366,337.9762140429006,0.95,964.077150557374,Low
706,25.793559712555755,59092.72594877413,Suburban,28.310636754929792,0,0.01797155665158734,973.8995750853283,609.5126365985125,0.9,548.5613729386613,-0.011281475662017692,1.0,1,472.5260155829979,548.5613729386613,76.0353573556634,0.95,216.89085685702983,Low
707,71.32191272976547,42167.2397863711,Suburban,9.699531585402745,0,0.053449957227960254,682.9435795288479,670.8580382238963,0.8,536.6864305791171,0.005795044094156913,0.0,0,396.25584734795086,0.0,-0.0,0.95,-0.0,Low
708,18.0,24668.245247315153,Rural,23.99530481396334,0,0.08399357743680143,569.080786308449,523.5263216038243,1.1,575.8789537642067,0.02458499510269059,1.0,1,438.7516482273601,575.8789537642067,137.12730553684662,0.95,391.155639043855,Low
709,70.44684552435058,93841.97135045502,Rural,23.880480128244454,3,0.08734503126007215,974.007070938349,1104.5017736342345,1.2,1325.4021283610814,-0.045693325456186415,0.0,0,574.3525437028285,0.0,-0.0,0.95,-0.0,Low
710,48.16526200803928,37930.40226925063,Suburban,29.71287645981327,0,0.1458208488958638,774.8586912960507,734.2134503633667,1.2,881.0561404360401,0.011228527605400385,1.0,1,475.68575239276856,881.0561404360401,405.37038804327153,0.95,1156.319031893432,Low
711,43.549303321944116,21631.983455197533,Suburban,24.452147371389362,1,0.14109258732585905,398.61572309996836,796.9635452171885,1.0,796.9635452171885,0.02721361317025902,0.16244374694469582,0,515.0760539045682,0.0,-0.0,0.95,-0.0,Low
712,36.826213697865754,55735.28513605714,Urban,18.98085631563003,0,0.09822221984327252,874.3698590159929,779.3399141642523,1.0,779.3399141642523,-0.007918384467213132,0.573580781321796,0,427.3233028109788,0.0,-0.0,0.95,-0.0,Low
713,50.987041715281066,44312.58973202367,Urban,13.092551542080225,0,0.013138816803500736,858.2702208208368,798.2115020819848,1.2,957.8538024983817,0.0036179714988847983,1.0,1,401.2216564509516,957.8538024983817,556.6321460474301,0.95,1587.7931966002943,Low
714,44.435479463627274,44235.81317172142,Suburban,33.89314137978949,2,0.01,1077.696015040331,1010.4675031964281,1.1,1111.514253516071,0.004371820629179954,1.0,1,620.5913803842734,1111.514253516071,490.9228731317976,0.95,1400.3574956084526,Medium
715,61.54952823024782,29352.18291164038,Suburban,18.556007176146856,0,0.07350433051844249,967.8724130322313,720.9295117916239,1.0,720.9295117916239,0.01934080594978567,0.43559536868462867,0,438.6267490872833,0.0,-0.0,0.95,-0.0,Low
716,46.7134147299306,45490.00278967283,Suburban,38.12202341024607,2,0.05822487826268923,979.1656349289793,1039.7368636641706,1.2,1247.6842363970047,0.003169155337587166,1.0,1,575.1948606047639,1247.6842363970047,672.4893757922408,0.95,1918.275944447367,Medium
717,47.25452642192816,31860.454690858183,Urban,19.314456228923802,0,0.07041346192244369,624.4917429247951,730.9357775825335,1.1,804.029355340787,0.015096221704049988,1.0,1,422.8079261793206,804.029355340787,381.2214291614664,0.95,1087.434126683083,Low
718,39.54581681679216,47952.716229198995,Suburban,11.460386547532252,0,0.18110088115322062,529.4289891392536,425.4847869740893,1.2,510.5817443689071,4.375714512675616e-05,0.9738070967511328,1,403.40427562180236,510.5817443689071,107.17746874710474,0.95,305.72372960111625,Low
719,44.14581564418399,20000.0,Urban,7.371689176223913,0,0.06963478909264194,902.514028156329,670.1523938836002,1.2,804.1828726603202,0.02801572462902038,1.0,1,425.446788954695,804.1828726603202,378.73608370562516,0.95,1080.3446787702958,Low
720,49.61702653338089,29233.285940824982,Suburban,15.387675660714637,1,0.0567284834740079,803.692779400857,657.0361004767797,1.0,657.0361004767797,0.019703383587517796,0.4307068202424717,0,487.8370337399127,0.0,-0.0,0.95,-0.0,Low
721,19.347474110150618,85911.8928992504,Urban,58.65639678872485,0,0.09982592761462666,929.276179519642,941.2095953483989,1.2,1129.4515144180787,-0.03797420750943986,0.0,0,506.94448301109384,0.0,-0.0,0.95,-0.0,Medium
722,24.777218668414307,24747.16639372053,Urban,8.278471877527988,0,0.07400551125213028,825.1313089049888,555.9593045192414,0.9,500.3633740673173,0.02232803302919145,0.0,0,433.2341308653512,0.0,-0.0,0.95,-0.0,Low
723,56.148961410340725,26851.604370776382,Urban,11.658456675377519,0,0.1298522514032698,1088.9268475945835,872.8237367297493,1.1,960.1061104027243,0.020821351046289484,1.0,1,419.0461714056917,960.1061104027243,541.0599389970325,0.95,1543.3734759890353,Low
724,47.562981571919124,29028.092029849002,Urban,24.353341278885548,0,0.11227798297458808,713.7641679616171,757.6346436772177,0.8,606.1077149417741,0.019196596797594452,0.0,0,461.4528559704103,0.0,-0.0,0.95,-0.0,Low
725,42.24024995470981,20000.0,Rural,16.443026297091986,1,0.19268213472896384,808.3820669334416,697.2459014742424,1.2,836.6950817690908,0.028145647203756542,1.0,1,490.75514530115004,836.6950817690908,345.9399364679408,0.95,986.7936687748012,Low
726,45.2765089959809,20000.0,Urban,23.815587576154318,0,0.08540829476139433,673.3670684835379,780.4556951919067,0.9,702.410125672716,0.028120822923770612,0.0,0,444.53481181075216,0.0,-0.0,0.95,-0.0,Low
727,50.21372558042506,32360.919993825624,Urban,34.523113173253776,0,0.19654854518781564,625.0019418870135,926.0278445721949,1.2,1111.233413486634,0.015589884591168581,1.0,1,484.0341342467464,1111.233413486634,627.1992792398876,0.95,1789.0859440317793,Medium
728,36.90360479535958,38868.12216548372,Suburban,53.282731304054224,2,0.13489503697882102,1064.9950613984681,1098.0161625488583,0.8,878.4129300390867,0.008863704601276034,0.0,0,628.5673643117348,0.0,-0.0,0.95,-0.0,Medium
729,33.32542911896531,35374.53414209162,Suburban,18.447588453181226,0,0.12652646424165168,777.3303693399274,526.5451368493499,1.1,579.199650534285,0.013377112856180796,1.0,1,457.2498092379567,579.199650534285,121.94984129632826,0.95,347.86192229777635,Low
730,47.93767882646522,33777.85600632067,Urban,62.775997846239115,0,0.01,1293.0539561683738,1189.9323623696296,0.8,951.9458898957037,0.013337940926626794,0.0,0,496.39796153305633,0.0,-0.0,0.95,-0.0,Medium
731,30.32440833577452,37105.49813874646,Urban,49.420678553339755,0,0.01,531.297876872994,914.690484788447,1.1,1006.1595332672917,0.01077544668800072,1.0,1,520.7313970388452,1006.1595332672917,485.42813622844653,0.95,1384.6837585916437,Medium
732,51.12379133571708,60561.86816334901,Rural,15.295405479812135,0,0.019502363460889238,819.4391753978622,635.3715357943535,1.0,635.3715357943535,-0.012071928189323919,0.5366368403221171,0,440.5620722609548,0.0,-0.0,0.95,-0.0,Low
733,19.461245936432395,33016.96855847431,Suburban,50.50430365334093,1,0.1106782646114401,832.133426510024,882.8600360872628,1.2,1059.4320433047153,0.014288008066446447,1.0,1,563.3261062445399,1059.4320433047153,496.1059370601754,0.95,1415.1421854641503,Medium
734,60.437334559884654,27254.085390911165,Urban,13.656119067601391,1,0.13771191904636673,1049.3809067804164,911.3068480933551,1.1,1002.4375329026907,0.021073678432405173,1.0,1,435.1039809030922,1002.4375329026907,567.3335519995985,0.95,1618.3189570788547,Low
735,52.08896223619564,31553.419876793323,Suburban,8.424138525374623,0,0.1267285160836615,623.6338125561304,643.5733342592504,1.1,707.9306676851754,0.017168100789107004,1.0,1,387.58856214755014,707.9306676851754,320.3421055376253,0.95,913.7758560460761,Low
736,48.840446014708135,48517.186737687574,Urban,11.69081535684852,0,0.10188933380984776,680.7933405855077,756.2853525074509,0.8,605.0282820059607,-3.768628077821756e-05,0.9973074578642865,1,418.5000100849102,605.0282820059607,186.52827192105053,0.95,532.0718956547967,Low
737,59.74036475918271,73571.53221017985,Urban,21.34756757359768,0,0.1451678463655393,517.0756642462242,798.3350879368485,0.8,638.6680703494789,-0.026091761642450837,1.0,1,406.5773234275079,638.6680703494789,232.09074692197095,0.95,662.0388555949221,Low
738,69.98211666693865,26527.259149104873,Suburban,3.620651769658636,0,0.15972216246235477,1093.0095357983112,693.4100691184618,1.2,832.0920829421542,0.021993940937119663,1.0,1,441.61031375884266,832.0920829421542,390.48176918331154,0.95,1113.8492465953962,Low
739,60.21555097527195,38157.09109593394,Rural,11.652578306561942,1,0.08458397308148415,455.66466586333104,643.587029902749,0.9,579.2283269124741,0.010181741579769832,1.265641557547916e-285,0,456.1921695894833,0.0,-0.0,0.95,-0.0,Low
740,18.0,43009.604102952464,Urban,5.413244140747968,0,0.12790931682759313,824.2118338117627,558.4242255121715,1.2,670.1090706146057,0.006082107022254403,1.0,1,387.2047142176822,670.1090706146057,282.9043563969235,0.95,806.9846766222244,Low
741,25.806345498964475,22108.35779174645,Rural,63.74934059445807,2,0.11920022732093334,1299.5233910394454,1154.2949388480572,0.8,923.4359510784458,0.026122736719936656,0.0,0,619.3930127557405,0.0,-0.0,0.95,-0.0,Medium
742,35.62772133456482,36688.13128856481,Urban,19.250634193960757,1,0.14031625874244275,1027.5452612137406,919.3533664018416,0.9,827.4180297616575,0.012252071603758257,0.0,0,484.08192073198325,0.0,-0.0,0.95,-0.0,Low
743,45.3913657531625,20000.0,Urban,36.61791339296189,0,0.1163795348337811,1046.2931799545952,973.3708793355669,1.2,1168.0450552026803,0.027685166196336986,1.0,1,478.38364113389525,1168.0450552026803,689.661414068785,0.95,1967.2591836312092,Medium
744,52.76488530703685,20000.0,Urban,17.36055112632929,0,0.11320396667533708,1142.7313070843345,837.914839949614,1.2,1005.4978079395368,0.027428260690408164,1.0,1,389.33516058685336,1005.4978079395368,616.1626473526834,0.95,1757.6039515735295,Low
745,34.11384280269802,43624.456629640095,Urban,24.51948715626606,1,0.06978039391036196,834.6350650103886,993.5208521808821,0.8,794.8166817447058,0.003951590259886704,0.0,0,472.52116840332286,0.0,-0.0,0.95,-0.0,Low
746,47.80150146715617,29973.310939521045,Rural,7.209024275142514,0,0.11028200837921817,833.3506665547222,560.3793525542904,1.0,560.3793525542904,0.019290940742138673,0.5418740133180494,1,402.8754340244455,560.3793525542904,157.50391852984495,0.95,449.2799276063827,Low
747,33.66925601470016,40180.625424314385,Suburban,14.668525215123562,0,0.08301373035473912,799.4136376519207,607.4406988422148,1.2,728.9288386106577,0.009280678519889994,1.0,1,440.5486990635884,728.9288386106577,288.38013954706935,0.95,822.6043480580154,Low
748,35.82723295512078,35992.01947077087,Urban,29.11137606739045,0,0.046548798338381714,784.5768176441235,713.5654507217178,0.8,570.8523605773743,0.011335717154443653,0.0,0,453.240256223195,0.0,-0.0,0.95,-0.0,Low
749,23.900083547276665,22287.917080960324,Rural,6.961355452597585,0,0.11499948013180596,677.5033372129217,445.7804406074447,0.8,356.6243524859558,0.02651314914072506,0.0,0,417.3248908860894,0.0,-0.0,0.95,-0.0,Low
750,31.151501308336435,35503.0131390446,Rural,16.023555696371904,0,0.048875640844583526,1076.5318867991539,675.9807635079417,1.1,743.5788398587359,0.012738252442448177,1.0,1,454.3040898573779,743.5788398587359,289.27475000135803,0.95,825.1562243788738,Low
751,24.724730915754996,20000.0,Suburban,27.51663404573624,0,0.09784902071631658,694.6517365272344,639.5485126224866,0.8,511.6388100979893,0.02963155421697716,0.0,0,453.4285927567188,0.0,-0.0,0.95,-0.0,Low
752,30.36190120534001,72801.08799072902,Rural,9.741628246636898,0,0.08168528621549365,743.5188247929918,510.5705364319016,1.0,510.5705364319016,-0.023676156531864494,0.6582035728292074,0,429.02555913540596,0.0,-0.0,0.95,-0.0,Low
753,60.80462694911759,20000.0,Urban,51.05760337918065,0,0.0718822491138188,535.1129445564322,1133.4581875026238,1.0,1133.4581875026238,0.026862734444657168,0.07698504967964666,0,500.3218847036847,0.0,-0.0,0.95,-0.0,Medium
754,30.759016667520854,32928.94589942612,Rural,22.189328287034673,0,0.17026637155104607,966.0492494696176,681.3145719045027,1.2,817.5774862854032,0.015284380223354306,1.0,1,470.8244170470489,817.5774862854032,346.7530692383543,0.95,989.1131300024057,Low
755,80.0,21565.804322527692,Suburban,35.126592503733924,1,0.18191432722111892,1118.518725567628,1135.4884869595421,1.2,1362.5861843514506,0.02708824295327315,1.0,1,533.75567267085,1362.5861843514506,828.8305116806006,0.95,2364.239034568913,Medium
756,52.39976851321334,48301.14699563796,Rural,21.568708106398727,1,0.08515731704659366,353.8060998473469,655.6384967540611,1.0,655.6384967540611,0.0004956972379902024,0.2542029611078964,0,437.78130014558394,0.0,-0.0,0.95,-0.0,Low
757,47.77254185542311,30769.656794662107,Suburban,31.001734161788026,0,0.14986717577905695,1109.526127321793,822.3553951182473,1.0,822.3553951182473,0.017579874278473906,0.43384867021872164,0,469.7721461781275,0.0,-0.0,0.95,-0.0,Low
758,32.1246332972818,28019.798825483293,Urban,16.590157591982866,1,0.020927685653153477,947.630425269091,839.7595390667291,1.1,923.7354929734021,0.020043088812503537,1.0,1,521.9582786384331,923.7354929734021,401.777214334969,0.95,1146.0695038904992,Low
759,55.50464819113487,55636.83564779923,Suburban,10.120070985980638,0,0.04091967489320129,1054.083208821697,714.3363770290658,0.8,571.4691016232526,-0.007165389588055053,1.0,1,444.7093433985812,571.4691016232526,126.75975822467143,0.95,361.58221033587523,Low
760,36.36543260643339,36853.847275275526,Urban,9.73594145531628,1,0.09694527631100715,874.6800152180033,753.247619655946,1.2,903.8971435871351,0.010824851873146663,1.0,1,459.81530488316764,903.8971435871351,444.0818387039675,0.95,1266.7434449030673,Low
761,46.83014721968042,47019.713219966405,Urban,33.640841970380784,0,0.04667000765287724,920.1011107888611,891.6086950457233,0.8,713.2869560365787,0.00041627264300886065,6.0292850168737984e-33,0,482.87035677035925,0.0,-0.0,0.95,-0.0,Medium
762,80.0,22233.090735766113,Urban,21.901754193271508,1,0.11878190326236847,866.437559811943,1056.0115333892015,0.8,844.8092267113612,0.025231300904189707,0.0,0,476.1443971310062,0.0,-0.0,0.95,-0.0,Low
763,43.559101504130254,20000.0,Rural,15.477073269011484,1,0.11437676960552871,600.1435895040495,656.1685348435146,1.1,721.7853883278661,0.028617600668732365,1.0,1,477.0386757432829,721.7853883278661,244.74671258458324,0.95,698.1399976475237,Low
764,62.23909989428513,38315.27731024383,Urban,8.308065944872826,0,0.0976285769679844,775.7803669145305,775.6270868918901,0.9,698.0643782027012,0.009786588546310534,0.0,0,402.3306154925256,0.0,-0.0,0.95,-0.0,Low
765,34.45235362311169,30963.885555039033,Suburban,21.555994827938985,0,0.21836027241752212,702.0580974307295,655.1241256619822,0.9,589.611713095784,0.01817072039119142,0.0,0,445.817895653542,0.0,-0.0,0.95,-0.0,Low
766,44.47517264254557,49673.02639219259,Urban,22.96234458755448,0,0.1184007501260415,1017.1786510137373,841.555057947071,0.9,757.3995521523639,-0.0020109449797801136,1.0,1,487.4513493806768,757.3995521523639,269.9482027716871,0.95,770.0272484062374,Low
767,71.56200953453265,34893.14859779479,Rural,33.08031788815369,2,0.12880166492479156,746.1082800149366,1038.9587069805189,1.0,1038.9587069805189,0.01386248114522734,0.16208530041390945,0,532.8079746109338,0.0,-0.0,0.95,-0.0,Medium
768,35.59549413318349,40236.815727305846,Urban,32.999148690856956,1,0.12427751157779383,897.7173563215208,886.3269292150127,1.2,1063.5923150580152,0.007618580043008848,1.0,1,530.4103832417944,1063.5923150580152,533.1819318162208,0.95,1520.9014605057698,Low
769,72.18672836995393,20000.0,Suburban,46.29574720228541,0,0.05495049929054227,582.4097508522802,1020.4559369467783,1.1,1122.5015306414562,0.027963542869096338,1.0,1,478.369301524711,1122.5015306414562,644.1322291167452,0.95,1837.3871835555155,Medium
770,55.616279031832136,93360.01893776891,Rural,5.063668000390713,1,0.19751241494300925,1168.5793703773793,690.3098081885186,0.8,552.2478465508149,-0.04406147063225415,1.0,1,442.56116789926364,552.2478465508149,109.68667865155123,0.95,312.8812508535499,Low
771,36.56299836158598,33452.40654404322,Suburban,30.33366353088485,0,0.029805683748898415,852.2153800566381,804.4186353971465,0.8,643.5349083177173,0.01527920936346222,0.0,0,469.38956184167057,0.0,-0.0,0.95,-0.0,Low
772,54.48611608583281,51472.01213147786,Urban,19.817150982828043,0,0.1142542376402038,529.2615568236074,844.6474383358932,1.0,844.6474383358932,-0.003105658856110031,0.3191961684921223,1,440.22846195106945,844.6474383358932,404.41897638482374,0.95,1153.6051301377097,Low
773,59.58831674440095,23907.65943167568,Suburban,21.4739943441088,0,0.13721700923646116,1002.053232001258,799.3743650973021,1.1,879.3118016070324,0.024206195697908457,1.0,1,449.7830547640346,879.3118016070324,429.5287468429978,0.95,1225.2307503696513,Low
774,54.327149433257944,42361.91265620055,Rural,16.58853262592654,0,0.14918224885523124,850.1869388403053,615.8212684852434,1.1,677.4033953337678,0.0061197429082816305,1.0,1,432.20030114783117,677.4033953337678,245.2030941859366,0.95,699.4418261653842,Low
775,21.446629201643155,20000.0,Suburban,7.671153165976458,1,0.08443898106969948,958.2325981752648,508.8627090443839,1.2,610.6352508532607,0.029436261536665672,1.0,1,462.25619386897876,610.6352508532607,148.37905698428193,0.95,423.25126004766423,Low
776,34.09294236262697,45525.77459325126,Urban,14.457455957780693,0,0.13717382974557213,1429.8305835385538,743.7792039964128,0.8,595.0233631971303,0.0031596697621684806,4.484785044007754e-204,0,430.84752733207006,0.0,-0.0,0.95,-0.0,Low
777,41.287220466727426,30394.378660340277,Rural,23.13682691940875,0,0.047584877254989624,1029.1412299093338,664.7896387017921,1.1,731.2686025719714,0.018257831212629236,1.0,1,444.3746203049287,731.2686025719714,286.8939822670427,0.95,818.3650844167394,Low
778,43.88349856349931,36849.42346231875,Urban,31.30910846736385,0,0.18352167437666939,1018.799611434496,798.6166806807859,1.1,878.4783487488645,0.01138580471510517,1.0,1,457.9112680555856,878.4783487488645,420.5670806932789,0.95,1199.6675976775782,Low
779,54.31008146326017,51481.974468578184,Suburban,33.812626921655955,0,0.09185254713066278,728.9484331113813,853.7720118930754,1.2,1024.5264142716903,-0.0036688604591315925,2.3065440632293543e-273,0,468.79061838180456,0.0,-0.0,0.95,-0.0,Medium
780,47.66551501399881,20000.0,Rural,10.268364498664504,3,0.07516440401915915,821.4557438419345,867.0878043110598,0.8,693.6702434488479,0.029095221154992846,0.0,0,560.5208893735181,0.0,-0.0,0.95,-0.0,Low
781,24.969834619348482,25790.310405619635,Urban,24.620904544703222,1,0.06810957030558237,728.7047890434422,673.7243115148872,0.9,606.3518803633984,0.02287314300674871,0.0,0,528.8227130040607,0.0,-0.0,0.95,-0.0,Low
782,50.70296776508945,45645.58378247824,Suburban,30.018660043796896,0,0.11487123399220533,537.9271576030343,719.2278792187516,0.9,647.3050912968764,0.0026935177065722485,3.073181404194263e-85,0,427.7818525309034,0.0,-0.0,0.95,-0.0,Low
783,54.15878617925735,103684.79279003052,Suburban,25.70117203472579,0,0.020996294414131783,714.1827624567583,728.713943532933,1.0,728.713943532933,-0.055206801976995686,0.4452189276618715,0,422.81797289563553,0.0,-0.0,0.95,-0.0,Low
784,53.396856718965594,33892.83224017076,Rural,3.18770318458259,1,0.1442378512555839,1027.0454950361795,597.5731413279925,1.0,597.5731413279925,0.01393834967213706,0.6380273168324248,0,488.0645187598042,0.0,-0.0,0.95,-0.0,Low
785,61.21171088331933,48804.024561436185,Urban,26.05738607124268,0,0.07014470966968592,876.4027566126624,936.4129595714662,1.2,1123.6955514857593,-0.0002989995809790832,2.0693929120766012e-25,0,466.3988045914704,0.0,-0.0,0.95,-0.0,Low
786,57.50883231823356,34424.17179520191,Suburban,17.705837502603433,0,0.16522226375534926,566.6821935512023,788.7133744394794,1.2,946.4560493273752,0.014266466182350506,1.0,1,410.3875211348109,946.4560493273752,536.0685281925644,0.95,1529.1354766692898,Low
787,51.88770118842655,95905.90153256293,Rural,18.167673380030767,1,0.037877796176303984,778.4288987586859,775.391992423901,0.8,620.3135939391209,-0.0470496783062498,1.0,1,500.6424113794206,620.3135939391209,119.6711825597003,0.95,341.3620482515451,Low
788,43.94751432812029,20000.0,Urban,44.36420965235391,0,0.10660233914312539,642.8842165188383,982.5510910502798,1.1,1080.8062001553078,0.027787311677533108,1.0,1,474.1089096726242,1080.8062001553078,606.6972904826837,0.95,1730.6040211018553,Medium
789,20.08558599726013,38074.89889468708,Urban,41.24029990774627,1,0.12769415077000873,893.2425029266989,894.6884286078446,0.8,715.7507428862757,0.010077280513383765,0.0,0,540.7755065759492,0.0,-0.0,0.95,-0.0,Medium
790,51.44427328698879,20000.0,Rural,18.22360877219889,1,0.13311084293708547,663.1738397766302,756.8115437329936,1.2,908.1738524795924,0.028763234709347003,1.0,1,485.9112756722445,908.1738524795924,422.26257680734784,0.95,1204.5040003429597,Low
791,48.115315307446664,20000.0,Urban,21.063795371235585,0,0.0741644974306268,689.0003494372739,780.8195483082432,0.8,624.6556386465945,0.02878361466372326,0.0,0,451.70107504550725,0.0,-0.0,0.95,-0.0,Low
792,49.0736825579306,42139.08722380443,Rural,10.599592578599932,0,0.03826368925678797,542.8956922189956,548.7081582626345,1.2,658.4497899151613,0.00784549582923438,1.0,1,424.3652924563072,658.4497899151613,234.08449745885412,0.95,667.7260290013813,Low
793,25.84877136269536,38938.89486528758,Urban,7.864040065857046,0,0.07715316049458772,1132.9248200259929,589.1612405227397,1.0,589.1612405227397,0.010137912049869491,0.7935967941937256,1,398.8427048889651,589.1612405227397,190.31853563377462,0.95,542.8836228953421,Low
794,28.784151893876064,31494.919658652496,Urban,43.90761699403244,2,0.1583328431172195,789.5459357501327,1008.3747221631894,0.9,907.5372499468705,0.016912051931500423,0.0,0,577.5981779333166,0.0,-0.0,0.95,-0.0,Medium
795,60.797292799993556,34437.5547241531,Suburban,52.56229467331626,0,0.20461390573967597,777.3484829399852,1061.6429123276325,1.0,1061.6429123276325,0.013128087588517785,0.12850466051709455,0,506.83002270144533,0.0,-0.0,0.95,-0.0,Medium
796,44.406672692150174,170953.98693695207,Suburban,41.40764253701851,1,0.018855753311855156,866.7346130442425,975.1301440480338,0.9,877.6171296432304,-0.12288625716865488,1.0,1,504.61662988556975,877.6171296432304,373.0004997576607,0.95,1063.9839255587272,Medium
797,55.22251046058936,31917.586282368102,Suburban,63.49257713123579,0,0.06310064634423995,881.2993642056938,1073.9187867112832,0.9,966.5269080401549,0.015892511817300562,0.0,0,514.8086347654757,0.0,-0.0,0.95,-0.0,Medium
798,45.42477564195692,46866.67655246205,Suburban,29.424039020453147,0,0.013379132373673372,662.937522661762,834.7726834466243,1.1,918.2499517912869,0.001808430570983555,1.0,1,454.4638154974206,918.2499517912869,463.78613629386626,0.95,1322.9499537782535,Low
799,45.446342092436176,26247.27859812583,Rural,24.063641989249216,2,0.07258106417404704,847.2945962047575,817.2774674698396,1.1,899.0052142168237,0.022454075988286398,1.0,1,548.5528565934503,899.0052142168237,350.45235762337336,0.95,999.6653501206725,Low
800,59.074257089639964,42092.13931042238,Urban,32.52591158462489,0,0.06810449770600993,818.4254857156204,983.6415523572023,1.2,1180.3698628286427,0.005134410157958734,1.0,1,452.5344656491827,1180.3698628286427,727.83539717946,0.95,2076.1504704544095,Low
801,37.25932907673939,32237.419802309778,Suburban,28.395139911227414,1,0.04022317086215808,1004.3324019078406,929.767553277778,1.0,929.767553277778,0.016062022466305063,0.3750027354098799,1,521.8321456783156,929.767553277778,407.93540759946245,0.95,1163.6357501774667,Low
802,46.44181165411475,29576.658310486393,Urban,27.907659205598044,0,0.18315043999137395,950.3685878257934,884.4073865356182,1.1,972.8481251891801,0.018166841128316284,1.0,1,425.02144554036363,972.8481251891801,547.8266796488165,0.95,1562.675603698249,Low
803,38.06587066942436,90169.74839054303,Suburban,25.01070253160157,3,0.15734348364934228,798.1210178521924,931.2395370090582,1.2,1117.4874444108698,-0.041369525115861554,0.0,0,600.406584230488,0.0,-0.0,0.95,-0.0,Low
804,38.482556588515266,65420.60059105339,Urban,26.948779944815428,1,0.11216958900284318,804.8318631050482,953.9480837646687,1.2,1144.7377005176024,-0.017554862526312096,0.0,0,515.8235808603721,0.0,-0.0,0.95,-0.0,Low
805,40.36241814797041,38885.36834265127,Urban,36.86878684802819,1,0.09448767862204409,757.5435239163253,959.1319125909337,0.8,767.3055300727469,0.008821961766388466,0.0,0,584.4525612035741,0.0,-0.0,0.95,-0.0,Medium
806,48.33200657450569,20000.0,Suburban,11.659256821628281,0,0.14462521872456802,821.7680875090704,598.3910130282051,0.9,538.5519117253846,0.028601219372910353,0.0,0,396.6149564258718,0.0,-0.0,0.95,-0.0,Low
807,37.818770675047844,30317.954943051525,Urban,39.792661019223914,2,0.04992450024956979,793.4886127652734,1054.6882648105952,0.8,843.7506118484762,0.01777123622262531,0.0,0,539.9007350556343,0.0,-0.0,0.95,-0.0,Medium
808,63.83634188360281,140296.56495256393,Urban,35.33493880599521,1,0.11191875092580661,831.7628674697412,1190.4857964174369,1.0,1190.4857964174369,-0.09209085644181865,0.3215538020397715,0,540.2509741154817,0.0,-0.0,0.95,-0.0,Medium
809,31.58089046670744,32359.70214400056,Suburban,5.072572694001917,2,0.06973976344756665,506.39295060402765,642.1105460049336,1.2,770.5326552059203,0.016273764109638534,1.0,1,518.9228105806308,770.5326552059203,251.6098446252895,0.95,717.7170817936383,Low
810,42.196925337579614,63045.29945938624,Suburban,30.633472593377363,2,0.21717477875383764,671.9849279668686,893.5552379786029,1.2,1072.2662855743235,-0.014249046600909364,0.0,0,568.2865524157459,0.0,-0.0,0.95,-0.0,Low
811,38.40403412588738,74680.26909647037,Rural,41.579695609310235,1,0.03209169611748304,1087.34517095868,963.2003009496233,1.2,1155.840361139548,-0.02689862987774864,0.0,0,493.72376625550356,0.0,-0.0,0.95,-0.0,Medium
812,66.704668265306,40517.20419884559,Suburban,13.954378669741471,0,0.08638902086176856,668.1305949753539,646.6414756330242,0.9,581.9773280697218,0.00831226957483642,2.5095651771905335e-234,0,423.21591690564543,0.0,-0.0,0.95,-0.0,Low
813,47.94832164767362,23839.262470626003,Urban,37.73770333817121,2,0.03527487496438057,772.1826888236656,1134.4569625837273,0.8,907.5655700669819,0.023243349799353347,0.0,0,580.4805753542737,0.0,-0.0,0.95,-0.0,Medium
814,60.477668092029525,20000.0,Suburban,49.70190763392327,0,0.13760532861763491,842.2212290113956,962.2220434328847,0.8,769.7776347463077,0.0285419712065602,0.0,0,472.061121185821,0.0,-0.0,0.95,-0.0,Medium
815,22.71659440444542,51127.694918823254,Urban,28.762415985732808,0,0.13749170701456573,765.6218535145554,765.6695339508811,1.1,842.2364873459693,-0.0031168636529130514,1.9652191158994205e-104,0,428.196217118325,0.0,-0.0,0.95,-0.0,Low
816,49.00575398803888,24164.06759476687,Suburban,37.068008435906506,0,0.06511516500740223,686.9913983000108,801.518567944124,0.8,641.2148543552993,0.024162326824926854,0.0,0,460.86555774189816,0.0,-0.0,0.95,-0.0,Medium
817,58.34446193435156,39659.080845337834,Rural,9.518768994290843,1,0.037888249910255634,984.1336984990293,659.6823601833449,0.8,527.745888146676,0.009074106998656004,0.0,0,452.1895179744921,0.0,-0.0,0.95,-0.0,Low
818,46.23425983913136,20000.0,Suburban,41.28546359311418,0,0.08070978764460832,592.5846067595719,839.9056732973502,0.9,755.9151059676152,0.028841398807617612,0.0,0,495.3683359967154,0.0,-0.0,0.95,-0.0,Medium
819,60.98220562598027,31805.077625031397,Suburban,27.8146295348559,1,0.06510541783469292,388.268638089388,856.4804520114926,0.8,685.1843616091942,0.016149206947762756,0.0,0,495.3595688018729,0.0,-0.0,0.95,-0.0,Low
820,37.24067324849442,36932.95524220974,Urban,47.27995871515363,1,0.10320498550366125,1057.7447658967872,1126.0073679501604,0.9,1013.4066311551444,0.010671800501706009,0.0,0,524.1420247314906,0.0,-0.0,0.95,-0.0,Medium
821,66.1402116027837,41535.21042718427,Suburban,40.58008070320599,1,0.18098830996520351,542.0129698595938,1027.0466925477235,1.2,1232.456031057268,0.006519801897575667,1.0,1,573.644506717089,1232.456031057268,658.8115243401791,0.95,1879.2598731803607,Medium
822,79.48347185428875,20797.517473354543,Rural,25.934813825249282,0,0.13306739866813777,944.8459864291225,968.5330920676199,0.8,774.8264736540959,0.027826074451718252,0.0,0,463.5587240644674,0.0,-0.0,0.95,-0.0,Low
823,39.55742159340512,66069.03600323283,Urban,27.796826934201896,0,0.13795831013799692,722.456400227101,781.1809034286777,1.2,937.4170841144131,-0.018450749124917138,0.0,0,463.97855688992246,0.0,-0.0,0.95,-0.0,Low
824,38.31746217898842,26944.988609446005,Urban,19.82530574631728,1,0.09978794205132434,1100.451254653965,931.5611155329628,1.2,1117.8733386395554,0.020157720214115132,1.0,1,470.2483717137197,1117.8733386395554,647.6249669258357,0.95,1847.3502181559463,Low
825,66.80076715676552,20000.0,Suburban,28.31897161437248,0,0.23217816920547804,750.404266128641,830.0838554960666,1.0,830.0838554960666,0.027641730979639064,0.2055612824834574,0,435.14400958687963,0.0,-0.0,0.95,-0.0,Low
826,68.69358218596068,34388.87156541137,Suburban,52.31085812547936,1,0.10582667028491552,691.7209275766097,1138.5117589650383,1.2,1366.214110758046,0.013690121935459392,1.0,1,548.2453638134748,1366.214110758046,817.9687469445712,0.95,2333.2558506593896,Medium
827,37.15709959270097,36945.075932784865,Urban,25.044011214175672,1,0.13628058857617067,977.5196514670677,935.3948531161512,0.9,841.8553678045362,0.011170399932668025,0.0,0,526.340045672702,0.0,-0.0,0.95,-0.0,Low
828,38.69719774356214,39351.71029599885,Rural,52.03302250513777,0,0.15493171166328626,1047.9546193283793,831.3944396191829,1.2,997.6733275430195,0.008635775472720817,1.0,1,481.193846705696,997.6733275430195,516.4794808373235,0.95,1473.2577190884654,Medium
829,40.773230867092394,71758.83068821067,Urban,52.96075897064053,0,0.0974439048131959,1123.9260469627573,1116.5522892301817,1.2,1339.862747076218,-0.024698812469079325,0.0,0,467.3302635814579,0.0,-0.0,0.95,-0.0,Medium
830,24.833242334485846,32266.201934359262,Urban,13.624075961873427,0,0.11037310146910605,300.0,611.0113656767807,1.2,733.2136388121368,0.016197754041910168,1.0,1,394.2902855886284,733.2136388121368,338.92335322350834,0.95,966.7788650700576,Low
831,31.220220802737025,34207.157603851236,Suburban,23.10545242295208,0,0.07150794999625239,404.0136554055289,634.3317308912499,0.8,507.46538471299993,0.014723093491841721,0.0,0,408.9120023748965,0.0,-0.0,0.95,-0.0,Low
832,29.937888498718983,20918.888993502493,Urban,16.69134778305875,0,0.10090007952951931,582.1763138162564,700.3179575634342,1.2,840.381549076121,0.027338730044198664,1.0,1,419.01612954175255,840.381549076121,421.36541953436847,0.95,1201.9448592217861,Low
833,33.483036523438074,54735.99147358579,Suburban,44.243439429682205,0,0.1731723154878687,576.4529999473034,823.4139308213394,1.2,988.0967169856071,-0.005857315781576816,0.0,0,512.616535279982,0.0,-0.0,0.95,-0.0,Medium
834,44.47972668919828,39821.19280290359,Urban,26.073931400144936,2,0.15819583841355894,701.3672699822295,1049.1237101864654,1.2,1258.9484522237583,0.008584552008637981,1.0,1,513.1414522492292,1258.9484522237583,745.806999974529,0.95,2127.4144674273443,Low
835,48.51322098804781,29436.366254010572,Urban,27.932696181626167,0,0.13437767292477434,810.1540009272047,925.8048691095236,0.8,740.6438952876189,0.018403861636547367,0.0,0,454.01980764424906,0.0,-0.0,0.95,-0.0,Low
836,68.25750739221115,20000.0,Urban,43.12323114760544,1,0.14551517981884762,838.306386515093,1182.38655169303,0.8,945.909241354424,0.0277501979209654,0.0,0,522.6294922563001,0.0,-0.0,0.95,-0.0,Medium
837,30.024689388918134,74772.5484692361,Rural,61.849622982611976,1,0.09812806369165085,910.76270451694,994.5393837719413,0.9,895.0854453947471,-0.02682534270421908,1.0,1,569.9082127800351,895.0854453947471,325.177232614712,0.95,927.5680560334661,Medium
838,59.764835977148756,20000.0,Suburban,61.67913458565371,1,0.1474080926744583,660.4812982190222,1194.500546966205,1.1,1313.9506016628256,0.027772377242442366,1.0,1,560.834427528662,1313.9506016628256,753.1161741341637,0.95,2148.263886717702,Medium
839,41.790167336617365,27020.766941186164,Suburban,22.287843706978837,1,0.09238490892427034,781.99271569513,783.1580379371051,0.8,626.5264303496841,0.021449845398008913,0.0,0,450.5324908329055,0.0,-0.0,0.95,-0.0,Low
840,44.25804435521351,43441.57694102923,Urban,54.07702424223749,0,0.018329329443384473,787.4834276980503,1093.7741688422125,1.2,1312.529002610655,0.004073815485433978,1.0,1,498.15591897352925,1312.529002610655,814.3730836371258,0.95,2322.9992210749015,Medium
841,55.122292382499054,20000.0,Suburban,37.714997277171165,1,0.19162230211054346,803.3743623111536,1062.9309173133065,1.0,1062.9309173133065,0.027400709699487977,0.14396003395155046,1,544.1470275342691,1062.9309173133065,518.7838897790374,0.95,1479.8310455947042,Medium
842,28.159169676565522,20000.0,Suburban,38.90278576616729,0,0.08978626302164683,698.8897299404117,686.6169115520347,0.9,617.9552203968312,0.02799151466907678,0.0,0,481.3606195578042,0.0,-0.0,0.95,-0.0,Medium
843,50.736146192760756,20000.0,Rural,63.92403750996034,0,0.15271427093449527,842.5437678605839,1016.2379965003786,1.0,1016.2379965003786,0.028254792284890168,0.10993785492051318,0,522.204635591008,0.0,-0.0,0.95,-0.0,Medium
844,47.49678312319584,52078.031390832104,Suburban,11.070922413793225,1,0.08186289292126793,592.5391585559253,647.3479062433242,1.1,712.0826968676568,-0.0034851920813421754,6.873210199442566e-99,0,486.60842754583484,0.0,-0.0,0.95,-0.0,Low
845,52.38676896012224,27650.715333730874,Suburban,23.541899291192937,0,0.01,1144.1113910804288,766.9210957409696,0.9,690.2289861668727,0.020277762865828917,0.0,0,442.7523412786673,0.0,-0.0,0.95,-0.0,Low
846,49.33752965861727,156942.54253572828,Urban,52.783294879896715,0,0.09635934457872714,624.2248223412896,1049.6392117013977,0.9,944.6752905312579,-0.10871281615069607,1.0,1,490.73785502671393,944.6752905312579,453.937435504544,0.95,1294.8565347767117,Medium
847,80.0,22088.72258925434,Suburban,22.218309827086415,1,0.01,879.0756323447018,958.3700079605642,1.0,958.3700079605642,0.025968314147381433,0.21224717417756658,0,477.97171303769005,0.0,-0.0,0.95,-0.0,Low
848,35.43390023623026,22908.7563148769,Suburban,34.3471082868192,0,0.13776790112819087,735.1046238070635,782.9820022586958,1.1,861.2802024845655,0.02576746764065207,1.0,1,463.52533493245244,861.2802024845655,397.75486755211307,0.95,1134.5957596924025,Medium
849,37.035045674972736,27372.756648766474,Rural,18.79839664874733,0,0.0885401100618219,701.6926229080249,586.4052045724388,1.1,645.0457250296828,0.021075131589834234,1.0,1,465.8075513243677,645.0457250296828,179.2381737053151,0.95,511.2768904944113,Low
850,35.65289210362853,41009.840437911,Urban,21.534294404413863,0,0.16094337607071169,497.589240321252,684.4138998802746,0.9,615.9725098922471,0.007614944200021593,3.275149615662718e-227,0,421.90955709782236,0.0,-0.0,0.95,-0.0,Low
851,36.66784321259618,28707.059026245002,Urban,37.075719206928746,0,0.11166643629095441,691.6466266409553,907.3081796894734,0.9,816.577361720526,0.019137240782227616,0.0,0,453.39217907492224,0.0,-0.0,0.95,-0.0,Medium
852,35.439193090402235,49324.00246673453,Suburban,42.14365399944104,1,0.048495307856311336,751.5414662304049,898.7284208757765,1.0,898.7284208757765,-0.0019089727920160167,0.2692472610034089,0,552.5630122876582,0.0,-0.0,0.95,-0.0,Medium
853,62.83524796661328,22263.543632751363,Urban,19.437548555330388,0,0.1334898841265923,684.2390040038127,823.721050750765,1.0,823.721050750765,0.0267063044876566,0.28892643538909546,1,442.45898888283494,823.721050750765,381.2620618679301,0.95,1087.5500314782705,Low
854,66.30756371984782,20000.0,Urban,41.888028639270374,1,0.022020093273189656,934.9901905971951,1121.2216735936656,1.1,1233.3438409530322,0.0271570893855521,1.0,1,563.3881980842498,1233.3438409530322,669.9556428687824,0.95,1911.048471283202,Medium
855,36.438805593757856,20000.0,Rural,24.466524998538528,1,0.08464520548305457,1134.3002226282972,680.0949612395177,1.1,748.1044573634696,0.028438133082457694,1.0,1,528.2120594750647,748.1044573634696,219.89239788840484,0.95,627.2430649766749,Low
856,32.51466640343657,20000.0,Suburban,40.073352617638015,0,0.01,785.8467083485817,750.497843847418,0.9,675.4480594626763,0.027718433396178972,0.0,0,496.86337519989166,0.0,-0.0,0.95,-0.0,Medium
857,52.07123334579606,28028.17379577777,Rural,27.263814817532516,0,0.117504550405253,902.3367281022694,734.4288812901889,0.9,660.98599316117,0.019457291843717427,0.0,0,470.3864894534858,0.0,-0.0,0.95,-0.0,Low
858,36.716654335785435,31241.725740571106,Rural,33.68990294436593,0,0.11236549234444312,1047.8318731570005,767.3927505343247,0.9,690.6534754808922,0.01771540726008602,0.0,0,469.0081211097835,0.0,-0.0,0.95,-0.0,Medium
859,54.493977266332664,26483.614136589855,Urban,26.217614532052835,0,0.10630633661435573,586.0542825190486,751.2632314573581,1.1,826.389554603094,0.021501103210343635,1.0,1,416.09302111033867,826.389554603094,410.2965334927553,0.95,1170.3708617880845,Low
860,48.0438453127695,67622.96333099938,Suburban,8.218165462396696,0,0.05320701430591221,1154.58206350103,731.3826727262849,1.0,731.3826727262849,-0.019785349934942083,0.7011037438261025,1,398.96752133834457,731.3826727262849,332.41515138794034,0.95,948.2142193340999,Low
861,22.263838275041522,67105.08515443093,Urban,22.215394167830365,2,0.16762021674519434,536.1336568166024,820.8959014341383,0.8,656.7167211473106,-0.019010556699247658,1.0,1,529.018852765093,656.7167211473106,127.69786838221762,0.95,364.25816956027575,Low
862,68.21257801995093,30717.828756909556,Rural,28.614794753529203,1,0.1454353894674805,799.7550284414166,893.7549370764771,0.8,715.0039496611817,0.01766676856790049,0.0,0,528.5427764681938,0.0,-0.0,0.95,-0.0,Low
863,71.93816509643283,20000.0,Suburban,25.17182249942424,1,0.11170247707401709,934.8440294034317,949.0747636676138,0.8,759.2598109340911,0.02852879596100991,0.0,0,535.5498458914125,0.0,-0.0,0.95,-0.0,Low
864,35.80816964273421,27354.804124527516,Urban,66.47077772438865,0,0.07095779007741373,1109.1105645924129,1102.8824426002227,1.2,1323.4589311202672,0.019465167718531524,1.0,1,533.0895518850818,1323.4589311202672,790.3693792351853,0.95,2254.528654268366,High
865,39.18447660096024,26905.58871791931,Urban,41.814750369085296,1,0.08250663406532044,797.9498779419728,1007.6960218261742,1.0,1007.6960218261742,0.020559870859350012,0.23912611117333668,0,538.4221647601601,0.0,-0.0,0.95,-0.0,Medium
866,49.287980860873574,26145.503877537274,Suburban,33.94798393372883,0,0.0992326702249201,820.6671516843676,800.7903004573238,1.1,880.8693305030563,0.021794398392499907,1.0,1,455.80112357290966,880.8693305030563,425.06820693014663,0.95,1212.5070602682433,Medium
867,50.01685184980538,25620.30673985213,Urban,28.268096361089917,0,0.04495310764723592,1126.0568989398944,893.7898628014402,1.2,1072.5478353617282,0.022076347278878288,1.0,1,451.36281565421837,1072.5478353617282,621.1850197075098,0.95,1771.9302687156717,Low
868,54.878164090092454,26193.551988157964,Urban,6.259471802197377,0,0.14265602643330086,499.27278073074075,766.2761325901639,0.8,613.0209060721312,0.02219498529272409,0.0,0,403.85484644696044,0.0,-0.0,0.95,-0.0,Low
869,75.15306808149525,29933.370044462095,Suburban,27.32153556629588,2,0.16296675991596948,598.7213303913916,1030.4601068966213,1.0,1030.4601068966213,0.018624906643739354,0.12808883564264506,0,589.4745288717792,0.0,-0.0,0.95,-0.0,Low
870,42.34579158758926,26429.324536959848,Rural,40.5384632935888,0,0.18545374790523958,555.0557765047706,845.8773010347203,1.0,845.8773010347203,0.021903649804690013,0.1631950841106843,0,512.4793712797936,0.0,-0.0,0.95,-0.0,Medium
871,33.02554133192319,40302.19666689991,Urban,17.76779508342034,0,0.08281574932672742,583.0494654252736,706.86683788067,1.2,848.240205456804,0.008095180244444722,1.0,1,408.8174672992007,848.240205456804,439.4227381576033,0.95,1253.4533605945635,Low
872,24.31021157978209,43485.56652316397,Suburban,17.664378731089126,0,0.1688633835763403,615.116900166605,461.09626770529786,1.2,553.3155212463574,0.005271726839275847,1.0,1,437.7337991821396,553.3155212463574,115.58172206421784,0.95,329.6968621881814,Low
873,34.036049400871214,23032.86657495877,Rural,11.699394254057257,0,0.17194548947493965,1046.5576807092837,489.1722493031459,1.1,538.0894742334606,0.025256819580315757,1.0,1,417.97351175795535,538.0894742334606,120.11596247550523,0.95,342.63078296137866,Low
874,44.503095406893046,68564.66976224231,Urban,13.435290358983751,2,0.06839533133530479,1104.045139166192,909.7353662060606,1.1,1000.7089028266668,-0.020401175458769124,0.0,0,452.6037524865419,0.0,-0.0,0.95,-0.0,Low
875,71.91836795276681,22247.142426563238,Rural,80.22745393715624,0,0.04981075845003283,876.1107026270745,1250.1314884809283,1.2,1500.1577861771138,0.024666587197281428,1.0,1,586.6976573607104,1500.1577861771138,913.4601288164034,0.95,2605.645017448791,High
876,37.235830514457426,20000.0,Urban,41.674373839387925,1,0.15432980955330985,996.0874283217033,1097.1637954593612,1.2,1316.5965545512333,0.027400450595721493,1.0,1,582.8190939061747,1316.5965545512333,733.7774606450587,0.95,2093.10020649003,Medium
877,48.35681927458348,43931.59463139026,Suburban,34.52344434626082,0,0.07257413938941408,963.4956912871901,869.4194758848893,1.2,1043.303371061867,0.004352839179246333,1.0,1,488.9928703905774,1043.303371061867,554.3105006712896,0.95,1581.1707031648534,Medium
878,44.753656558908716,24132.045687522164,Suburban,34.15080570278592,1,0.06330451296613504,800.3530222562482,838.5583453914467,0.8,670.8466763131573,0.023406031880395792,0.0,0,510.87021266306556,0.0,-0.0,0.95,-0.0,Medium
879,62.82589910172126,42644.165131036054,Suburban,60.90976809671229,0,0.14081763637754635,985.3436715802438,1174.9566192785958,1.0,1174.9566192785958,0.004727029185466382,0.14121360839975652,0,547.5334729399343,0.0,-0.0,0.95,-0.0,Medium
880,80.0,20000.0,Rural,48.69910358034796,0,0.030704065825435237,951.4443669248058,994.5856797857904,1.1,1094.0442477643694,0.027331670551012426,1.0,1,506.86588811210646,1094.0442477643694,587.178359652263,0.95,1674.9262709080801,Medium
881,37.03696840619519,72855.11127105866,Urban,5.29019661554629,0,0.07770885802432818,929.2820398292342,593.1193850714301,0.8,474.4955080571441,-0.02480116808047559,1.0,1,450.33912031707894,474.4955080571441,24.156387740065156,0.95,68.90609602853586,Low
882,37.658408362226666,50825.155805478535,Urban,14.899848707478672,2,0.01,817.8889848633636,956.8067622383732,1.1,1052.4874384622105,-0.0022599892536008578,8.781875858478264e-95,0,536.8463572540936,0.0,-0.0,0.95,-0.0,Low
883,60.66241315603608,20000.0,Suburban,36.013590060799984,1,0.05796350640585698,837.4729734378072,1038.561051023885,0.8,830.8488408191081,0.028185116336050597,0.0,0,522.0217786110887,0.0,-0.0,0.95,-0.0,Medium
884,55.22837234439467,20000.0,Rural,30.909447831116932,0,0.06712714670596573,766.08480512424,802.7783989413716,1.0,802.7783989413716,0.028514034343154016,0.2311186886782793,0,460.8276366100666,0.0,-0.0,0.95,-0.0,Low
885,72.7006098860405,83795.36310377701,Urban,28.660457908397486,0,0.0624893090310604,448.0308477489208,956.9722056570248,1.2,1148.3666467884298,-0.03593155028457737,0.0,0,451.71886255451625,0.0,-0.0,0.95,-0.0,Low
886,53.75892277988946,25117.24769383345,Rural,10.69060202534484,1,0.0784957075624926,787.2127783962273,691.8060216474146,1.0,691.8060216474146,0.023088309234558912,0.4001543863782405,0,482.49360481554197,0.0,-0.0,0.95,-0.0,Low
887,39.610618638194104,23930.464120420016,Urban,23.56923890757274,2,0.01,810.774475667475,921.5322481924994,1.1,1013.6854730117494,0.024698831420772432,1.0,1,577.0896286518305,1013.6854730117494,436.59584435991894,0.95,1245.3896460366689,Low
888,53.85982246038464,20000.0,Urban,38.92495969394128,1,0.04967146369323999,621.1802933975038,1054.1972990073448,1.0,1054.1972990073448,0.02739461563132549,0.13690035817295024,0,506.1252459838947,0.0,-0.0,0.95,-0.0,Medium
889,61.63055370874362,30473.444073067094,Suburban,19.66157208022321,0,0.16724328106823266,704.146181474352,715.2361839754574,1.1,786.7598023730031,0.018531684840555628,1.0,1,456.1038066598655,786.7598023730031,330.65599571313766,0.95,943.1962277717251,Low
890,57.30723271796046,32407.339133066867,Urban,9.303059877690002,0,0.11490892534822023,940.1958259341437,759.3046824933887,1.0,759.3046824933887,0.015592497837648258,0.5463241974830721,1,479.7683170883255,759.3046824933887,279.5363654050632,0.95,797.3774823179427,Low
891,52.609110466609465,51934.91341003241,Suburban,43.445803398434116,0,0.07438177210068159,975.3419253785855,1038.0878877229297,1.0,1038.0878877229297,-0.004516439901764734,0.2686436653916038,1,467.20938633481086,1038.0878877229297,570.8785013881188,0.95,1628.4309252096089,Medium
892,61.00012034383731,20000.0,Urban,8.907355303954862,0,0.06723114656634845,467.9194361412862,751.2236490617767,1.2,901.468378874132,0.027637061688436982,1.0,1,436.46814244371166,901.468378874132,465.00023643042033,0.95,1326.413174417774,Low
893,62.53943385668509,20000.0,Urban,42.60625398282997,0,0.13826042609325515,660.8085948422035,976.1963354377816,0.8,780.9570683502253,0.027946825923400313,0.0,0,483.1871523765783,0.0,-0.0,0.95,-0.0,Medium
894,65.7323848655629,45500.623920716185,Suburban,24.70217750399473,1,0.10429397623210884,959.236592879352,998.9141850484244,1.0,998.9141850484244,0.003070169382200053,0.3147789012308917,0,470.84944517737125,0.0,-0.0,0.95,-0.0,Low
895,54.73064831384464,60075.959706323054,Suburban,24.7095973629477,1,0.043895645178959164,547.0277273162785,909.1803600345434,0.8,727.3442880276348,-0.01204086764940613,1.0,1,464.94008025268414,727.3442880276348,262.40420777495063,0.95,748.5080026780468,Low
896,42.493228795247184,20000.0,Suburban,38.70875961776993,1,0.07332161497860076,773.9200067901885,983.2528698631704,1.0,983.2528698631704,0.02836007997193498,0.17137428859398932,1,541.755644908022,983.2528698631704,441.49722495514845,0.95,1259.370834184561,Medium
897,47.20070529649984,62364.84680618231,Suburban,19.79311996803145,0,0.03816023757109217,550.9622666845493,641.8500246995321,1.2,770.2200296394385,-0.01329682323416501,0.0,0,414.1747123850053,0.0,-0.0,0.95,-0.0,Low
898,63.09763449762535,37003.6161540297,Urban,53.28752367635584,0,0.0653714206650581,622.1221918890944,1112.134311935212,0.8,889.7074495481697,0.011064309140166727,0.0,0,523.6339488972087,0.0,-0.0,0.95,-0.0,Medium
899,32.74596493519146,62686.58005722086,Suburban,15.173760053468255,1,0.13425415932252222,870.5553090796755,625.362332539299,1.0,625.362332539299,-0.013791265902070781,0.6159784468946771,1,482.3508494359797,625.362332539299,143.01148310331934,0.95,407.9402555522184,Low
900,50.53009963309352,35062.58264157328,Rural,38.31824010945815,1,0.12923868153137036,925.5118448541415,993.2193082906032,1.2,1191.8631699487237,0.013276885526201059,1.0,1,564.729511143433,1191.8631699487237,627.1336588052907,0.95,1788.8987617420917,Medium
901,39.09991781508959,20000.0,Rural,18.111249227568443,0,0.1514574050616242,1009.5445072148319,609.5503425349003,0.9,548.5953082814103,0.028615407309243567,0.0,0,418.01834901682105,0.0,-0.0,0.95,-0.0,Low
902,45.431172344022265,33658.345352001896,Urban,32.006653414047726,0,0.10710874985068286,1359.315858267374,863.9886074892705,1.0,863.9886074892705,0.014203636306047889,0.6220664943717369,1,443.7310330354314,863.9886074892705,420.25757445383914,0.95,1198.7847311295761,Low
903,64.17677793910948,61702.017588567884,Urban,30.746867677638733,1,0.024543502065182604,762.0890698670632,1141.9234242725252,0.8,913.5387394180202,-0.01372123161862629,1.0,1,534.8630904165658,913.5387394180202,378.6756490014544,0.95,1080.1722887766487,Low
904,47.86648602029855,23228.30809745024,Rural,35.36067130702031,1,0.03771658986219274,772.2843413425265,827.8416822836696,0.9,745.0575140553026,0.02449350941687843,0.0,0,515.0486906212509,0.0,-0.0,0.95,-0.0,Medium
905,45.69654822234223,29912.074746870883,Suburban,10.828026940286959,1,0.12370419780281969,1056.1105486155705,713.9796131768118,1.1,785.377574494493,0.01918940745550054,1.0,1,489.78711438332374,785.377574494493,295.5904601111693,0.95,843.1717874671104,Low
906,24.60215788530121,33254.09672352934,Suburban,47.24890222883095,1,0.10508787061432688,1025.237736455833,864.5218952432191,1.2,1037.426274291863,0.014811145123431929,1.0,1,570.5853281928281,1037.426274291863,466.8409460990348,0.95,1331.6637987474967,Medium
907,56.193803490408314,20000.0,Suburban,41.85431495214565,2,0.042041335938050775,908.9242258657043,1058.3478915930427,1.1,1164.182680752347,0.027681854377283637,1.0,1,614.6422390802037,1164.182680752347,549.5404416721434,0.95,1567.564109869789,Medium
908,54.68226271711613,83756.89609403338,Urban,33.93238772663437,0,0.08288251716407484,722.9542886483813,955.021208060594,1.2,1146.0254496727127,-0.036399664458624005,0.0,0,442.49952874087876,0.0,-0.0,0.95,-0.0,Medium
909,77.4488208495819,23139.864846683355,Suburban,17.752811643867975,0,0.19498891078965558,948.2343342936442,801.5765078839627,1.1,881.7341586723591,0.026131867221395946,1.0,1,429.21019277350746,881.7341586723591,452.5239658988516,0.95,1290.8246127264742,Low
910,40.38332647570499,46763.94206456946,Rural,17.717199773211505,2,0.14657912429859477,682.2012025356403,700.3009504420124,1.2,840.3611405304149,0.0025765758791619943,1.0,1,500.69681976826377,840.3611405304149,339.66432076215114,0.95,968.8924749740361,Low
911,48.287254914959085,34774.84056165914,Suburban,46.77569217979861,0,0.17493067693804004,668.0887688494804,945.4760177319098,1.2,1134.5712212782917,0.012825062999524175,1.0,1,519.3669691981967,1134.5712212782917,615.204252080095,0.95,1754.8701290584709,Medium
912,48.74075525566133,68105.24635654206,Urban,12.475922708578176,1,0.04103871281128773,855.4122986053933,871.0204963877429,0.8,696.8163971101944,-0.019756899740000073,1.0,1,472.1682123515039,696.8163971101944,224.64818475869055,0.95,640.8089470241648,Low
913,68.66179919645211,44490.37093309305,Urban,20.5839456174404,2,0.18351973653715575,1213.7781951037878,1233.1991021201422,1.0,1233.1991021201422,0.0034762765175029606,0.4023906660491183,0,493.6196416097514,0.0,-0.0,0.95,-0.0,Low
914,43.57056701419572,32290.807275822535,Urban,58.19867335774735,0,0.07399037515294353,743.1603428857602,1052.3520240439404,0.8,841.8816192351524,0.015926344774324915,0.0,0,539.7623097385564,0.0,-0.0,0.95,-0.0,Medium
915,49.185322886555085,23230.99026898671,Suburban,21.593341758065662,0,0.17861046446495665,811.7350825449481,714.1723641445483,1.0,714.1723641445483,0.025075437309867797,0.35163444394338617,1,461.22186376273766,714.1723641445483,252.95050038181063,0.95,721.5413023391148,Low
916,54.11844764574809,54118.17447694046,Urban,34.831135467403826,1,0.11791513933046174,484.7752802431275,1023.7092706948454,1.0,1023.7092706948454,-0.00751728083937824,0.186016966735536,0,499.78428671591274,0.0,-0.0,0.95,-0.0,Medium
917,47.79913684734537,20000.0,Urban,22.05797699874024,0,0.13142478481630915,618.9746539937714,796.3341403021659,1.1,875.9675543323825,0.02797033004846652,1.0,1,440.30227133692205,875.9675543323825,435.6652829954605,0.95,1242.735219744551,Low
918,38.30349578174208,50158.59728674386,Rural,57.10254644852027,1,0.13473257251011841,872.7303257372948,1013.1841266282348,1.0,1013.1841266282348,-0.0023697732593123263,0.2134237524473448,1,576.8065912222565,1013.1841266282348,436.3775354059783,0.95,1244.766919745553,Medium
919,47.911349893474615,20962.23206094708,Urban,59.745831625066735,0,0.10493993901642859,895.7723061846134,1103.1519064021886,0.9,992.8367157619698,0.02654202075879516,0.0,0,541.1902484583106,0.0,-0.0,0.95,-0.0,Medium
920,61.104476247896585,67923.80430526928,Urban,47.3626641583964,0,0.12917242531742354,1188.069652847197,1029.9083608173273,0.8,823.9266886538619,-0.020102729246143744,1.0,1,482.3800835162515,823.9266886538619,341.5466051376104,0.95,974.2616911550338,Medium
921,29.602270508834096,39365.684788189785,Urban,31.26435393378942,0,0.04905920922556265,590.6143425763049,785.5242656587875,0.8,628.4194125270301,0.009235276704395513,0.0,0,482.69104178676423,0.0,-0.0,0.95,-0.0,Low
922,46.99454511220314,50114.31044570194,Urban,30.050417002620875,0,0.09355311072512693,827.5286033318841,901.8950641433628,0.8,721.5160513146902,-0.0016792022199022575,1.0,1,455.36763087145994,721.5160513146902,266.1484204432303,0.95,759.1883693143144,Low
923,34.4981877759124,37835.17130908553,Suburban,41.07352272233975,0,0.1390347663760498,709.2777928633855,768.9700060707482,1.0,768.9700060707482,0.01077314660527456,0.28389371015232684,0,490.3084353220208,0.0,-0.0,0.95,-0.0,Medium
924,62.92569943387264,20000.0,Rural,43.505516450198584,0,0.10544318553635147,856.8802269701807,1034.669620650712,1.0,1034.669620650712,0.02847619973333498,0.14026490775192424,0,493.30446711312925,0.0,-0.0,0.95,-0.0,Medium
925,22.15219642824338,23614.953619527016,Rural,27.261275392014195,0,0.08246239871569308,692.9483142165728,536.6495898500457,0.8,429.3196718800366,0.024384895573226213,0.0,0,418.14954409028695,0.0,-0.0,0.95,-0.0,Low
926,36.61617229092617,50827.59368163983,Suburban,43.42930177726528,1,0.11168766406959887,453.2163235314533,859.6466874150992,1.2,1031.576024898119,-0.0027409887386492184,3.296602205723176e-206,0,522.6016555202355,0.0,-0.0,0.95,-0.0,Medium
927,50.658178125967815,39471.25279859076,Suburban,32.213331154325395,0,0.0317989755666568,928.34637275611,839.9679503520991,1.1,923.9647453873091,0.008831049987640971,1.0,1,440.10466459910197,923.9647453873091,483.86008078820714,0.95,1380.210880448361,Low
928,68.4828604385151,65545.1798570984,Suburban,9.150279986643833,0,0.15230552387664173,651.5814498746519,709.0801285431826,0.9,638.1721156888643,-0.016735446970132524,1.0,1,402.0656343780004,638.1721156888643,236.1064813108639,0.95,673.4937379392393,Low
929,44.01374608390518,44428.53763676946,Urban,18.601159845058394,0,0.01,753.2340892295124,679.9459067146812,1.1,747.9404973861493,0.003394942717874394,1.0,1,443.44875585507526,747.9404973861493,304.49174153107407,0.95,868.5626927173888,Low
930,36.67200709960203,22396.255409469108,Urban,35.70875282970978,0,0.0987518992473829,813.531357942348,902.4584474719347,1.2,1082.9501369663217,0.025137496727049794,1.0,1,455.84416649786704,1082.9501369663217,627.1059704684546,0.95,1788.8197807612669,Medium
931,73.21735604160885,24390.961958855463,Rural,34.76716641682339,0,0.1380103196272765,794.8635556298613,863.3317669338977,0.9,776.998590240508,0.023454267497052417,0.0,0,476.10357522335335,0.0,-0.0,0.95,-0.0,Medium
932,23.27979149375634,38233.16819674563,Urban,35.58459481234628,1,0.10407726648214076,300.0,906.822603704196,0.9,816.1403433337764,0.009990162805201513,0.0,0,499.01136778019486,0.0,-0.0,0.95,-0.0,Medium
933,18.0,20000.0,Urban,59.132792436417134,0,0.07654600525175599,481.4320653131105,943.193790548528,1.2,1131.8325486582335,0.02590962495522152,1.0,1,511.69711838178125,1131.8325486582335,620.1354302764522,0.95,1768.93631486358,Medium
934,51.60021675079999,83844.64849149788,Suburban,8.481016545829064,1,0.15498106342676093,744.5406084106282,706.9358579648198,0.8,565.5486863718559,-0.03508967427082119,1.0,1,496.60455332079516,565.5486863718559,68.9441330510607,0.95,196.66313952815065,Low
935,37.46918663471083,45291.44167785387,Suburban,34.414771177877554,1,0.06555377769804147,1260.713702505864,967.0100142524665,0.8,773.6080114019733,0.002734379755467123,3.0704427260434625e-230,0,502.49773373304197,0.0,-0.0,0.95,-0.0,Medium
936,29.6815077430393,67071.68813495846,Urban,49.42149803508285,0,0.18423533157330851,613.3657901968219,894.3817001456198,1.0,894.3817001456198,-0.019836644884216385,0.28896679381878143,0,514.3546798135932,0.0,-0.0,0.95,-0.0,Medium
937,55.6253467094903,20000.0,Urban,34.66685491786914,0,0.08950541686038407,725.1912373956383,873.2068210911902,1.0,873.2068210911902,0.02786647573075032,0.23080574856884253,0,440.0265037535061,0.0,-0.0,0.95,-0.0,Medium
938,48.65701070656798,67662.17448139386,Urban,18.449514233649676,0,0.08773540565015267,1069.0354717856458,746.4061386437392,0.8,597.1249109149913,-0.01949576601478701,1.0,1,453.5681450797984,597.1249109149913,143.55676583519295,0.95,409.4956745448879,Low
939,36.538820538949075,110829.63212748755,Suburban,13.684284185631746,0,0.13640578650301763,940.8447707908617,619.4703623617364,0.9,557.5233261255628,-0.06191646919468176,1.0,1,409.72266543451303,557.5233261255628,147.80066069104976,0.95,421.60138462121944,Low
940,25.795434019936582,20000.0,Urban,10.941327244188367,2,0.08448714602231033,884.6960237817694,907.9964615770859,1.0,907.9964615770859,0.02855794056841798,0.4547424278089926,0,507.62582164438425,0.0,-0.0,0.95,-0.0,Low
941,58.08685992420217,53407.20267740274,Suburban,20.2647412607397,0,0.10479930284090297,824.2587975548685,743.1888461528576,1.2,891.8266153834292,-0.004243284283832579,6.75479524783671e-275,0,461.3625277961277,0.0,-0.0,0.95,-0.0,Low
942,54.753017669379915,36335.662367395125,Suburban,34.5605472934202,1,0.1285647096208592,419.30299353042955,943.8086434977893,1.1,1038.1895078475682,0.012464737579698196,1.0,1,471.2373792300988,1038.1895078475682,566.9521286174694,0.95,1617.2309468813314,Medium
943,43.51236204330926,20000.0,Rural,25.901370474468088,3,0.0387312055810958,483.9951772395081,950.7429630229398,1.2,1140.8915556275276,0.027800217481363514,1.0,1,598.1308399240643,1140.8915556275276,542.7607157034633,0.95,1548.2249415441293,Low
944,72.69955494071499,46464.412961854694,Urban,69.57926284862953,0,0.13064318566152705,616.9093518001503,1275.8190982949404,0.9,1148.2371884654465,0.00012285295897278872,1.389523617464615e-08,0,557.9505467340784,0.0,-0.0,0.95,-0.0,High
945,28.948728505107713,55094.30335550041,Urban,10.01680067349569,1,0.01533125814272003,720.1701853448392,629.5240262653884,0.9,566.5716236388496,-0.00681878364949416,1.0,1,433.43677304549396,566.5716236388496,133.13485059335562,0.95,379.76716131754694,Low
946,22.117122436128916,26888.03641338459,Suburban,24.38666735839569,0,0.09935007784845722,1041.3482704886565,630.8241980987937,1.0,630.8241980987937,0.021093406037894277,0.5749247114566385,1,445.6352712885925,630.8241980987937,185.18892681020117,0.95,528.2514137260988,Low
947,34.62137895178133,65053.04286212795,Suburban,13.498358819946136,0,0.08217282948724905,806.4737301805741,618.4678384419324,0.8,494.7742707535459,-0.014856903970989219,1.0,1,402.4753858502063,494.7742707535459,92.29888490333963,0.95,263.2825691867763,Low
948,44.31620975466753,20000.0,Urban,7.527827728208349,0,0.03443925036164462,672.7254692187151,683.8346069673563,0.9,615.4511462706207,0.02840779287261338,0.0,0,401.1659131810082,0.0,-0.0,0.95,-0.0,Low
949,48.65009173984038,20000.0,Suburban,72.69730308306553,0,0.18457212030703082,743.8595123757085,1094.2323547504543,0.9,984.8091192754089,0.02691704669298593,0.0,0,547.4328246929714,0.0,-0.0,0.95,-0.0,High
950,41.38145913215505,38882.466595112215,Urban,50.22854563274507,0,0.10836878519190264,1074.8987308438368,1003.6754861414507,0.8,802.9403889131606,0.009182816529351287,0.0,0,510.154961099001,0.0,-0.0,0.95,-0.0,Medium
951,50.28083094771445,36779.37992487437,Urban,29.71683453967371,0,0.06736557851731731,825.5151055443118,853.6788921870852,1.0,853.6788921870852,0.0111402252017545,0.3758934465181883,0,468.87041486472754,0.0,-0.0,0.95,-0.0,Low
952,26.22690863714334,25379.9115386608,Suburban,43.17615023550734,1,0.10709884988023198,933.5044801386842,849.4921768167259,1.2,1019.390612180071,0.022564564319890464,1.0,1,560.2361994754178,1019.390612180071,459.15441270465317,0.95,1309.737962240023,Medium
953,66.65646906109889,54436.88401002478,Urban,15.554269856051208,0,0.2243405245836182,703.1799792443029,845.729140058953,0.8,676.5833120471625,-0.006116027015681362,1.0,1,426.32704956545666,676.5833120471625,250.25626248170585,0.95,713.855988729066,Low
954,43.76773232411147,47355.92188996268,Rural,14.329564716280618,0,0.05023106569317436,414.494435051892,531.8271413629717,1.1,585.009855499269,0.001828103589846584,1.0,1,416.3818252226452,585.009855499269,168.62803027662375,0.95,481.01145636406926,Low
955,61.75943747382192,55774.359492851705,Suburban,3.299290464048657,0,0.13289767797157306,930.8041413482543,669.1383756226082,1.2,802.9660507471299,-0.006662036012302218,0.0,0,414.69767213136106,0.0,-0.0,0.95,-0.0,Low
956,50.14088019566556,34147.06040317234,Suburban,40.74176406735234,1,0.05427281689448345,864.554767769555,928.0005540466713,0.8,742.4004432373371,0.014260545177755015,0.0,0,553.3765254747223,0.0,-0.0,0.95,-0.0,Medium
957,51.85129828730676,49084.085351885034,Suburban,51.66724713788656,0,0.12411543203654513,993.499612763484,985.5371813924452,1.2,1182.6446176709342,-0.0015392049364912467,4.119313068722602e-133,0,489.2201585142183,0.0,-0.0,0.95,-0.0,Medium
958,53.546509203483055,29061.65389120496,Suburban,21.968309593897665,0,0.06704329459970262,816.8186922559366,736.3167415415736,1.2,883.5800898498883,0.018592112136849033,1.0,1,449.4189280724691,883.5800898498883,434.1611617774192,0.95,1238.4447139700883,Low
959,51.715628400259725,101408.21118771899,Urban,8.533670527205507,1,0.09182194352232939,1283.97807023113,849.9630180063606,0.9,764.9667162057245,-0.053747358494638915,1.0,1,475.9357045832418,764.9667162057245,289.03101162248277,0.95,824.4609606531321,Low
960,54.64084139801316,24190.78646197645,Rural,39.61719022359244,0,0.10790756269154596,611.60875888627,829.0932245041037,1.2,994.9118694049243,0.023682584936486166,1.0,1,479.84735068899704,994.9118694049243,515.0645187159273,0.95,1469.2215396371826,Medium
961,64.93728795198646,104052.27694142533,Rural,34.46399442095684,1,0.1660029711707957,582.527511558473,884.4307283108028,1.2,1061.3168739729633,-0.05680801889101195,0.0,0,526.078564474912,0.0,-0.0,0.95,-0.0,Medium
962,47.94781754552205,36954.546872604944,Urban,37.984693938633846,0,0.026303878385892557,763.2916333595097,993.2713330824184,0.8,794.6170664659348,0.011657452286001896,0.0,0,489.84259840997095,0.0,-0.0,0.95,-0.0,Medium
963,55.63505636382769,20000.0,Urban,17.293421115594402,0,0.18498326777038665,740.9974906569034,823.824139884708,1.2,988.5889678616495,0.027550102718768916,1.0,1,439.4477060978877,988.5889678616495,549.1412617637618,0.95,1566.4254491811305,Low
964,43.6539645856916,71972.52120669374,Urban,23.63150168865669,1,0.01,760.9783127895998,927.8438545986581,1.0,927.8438545986581,-0.024026379991735618,0.43517441789838945,0,496.8891330939068,0.0,-0.0,0.95,-0.0,Low
965,66.6017582317421,38675.07807547531,Suburban,49.42279891879962,1,0.11638268926363009,780.3542503457973,1116.7066154206111,1.2,1340.0479385047333,0.009188632606636741,1.0,1,546.3335431275444,1340.0479385047333,793.7143953771889,0.95,2264.0703128134314,Medium
966,34.85411546911095,55579.07437247545,Suburban,13.008153511252843,0,0.10301864506695117,735.7235626319898,551.0298716988646,1.1,606.1328588687511,-0.006186874852184686,1.0732347582088262e-148,0,446.4863215703888,0.0,-0.0,0.95,-0.0,Low
967,72.01410649366224,66965.17313488804,Rural,40.355215434352004,0,0.09343336701715406,690.977557176227,882.6053064330358,0.9,794.3447757897322,-0.01879825078764039,1.0,1,487.96746209199824,794.3447757897322,306.377313697734,0.95,873.9412873227863,Medium
968,44.39763074033485,43000.96245383395,Suburban,28.141254026452167,3,0.10181376880797266,601.8718520633892,979.9773500738504,1.1,1077.9750850812354,0.005540664978720931,1.0,1,628.861004592393,1077.9750850812354,449.11408048884243,0.95,1281.097914594423,Low
969,23.538373468229278,27007.761795835595,Suburban,31.638622200202732,2,0.12609131667057513,911.2178776156559,798.1729557593163,1.1,877.990251335248,0.022742340950232552,1.0,1,565.5956930097836,877.990251335248,312.39455832546435,0.95,891.1054776233871,Low
970,46.92156622366184,59151.46808739016,Suburban,43.005210998380264,4,0.12308575065474588,1038.3515726894943,1303.0422716311841,1.1,1433.3464987943028,-0.01022628853479666,0.0,0,698.9555834767518,0.0,-0.0,0.95,-0.0,Medium
971,34.78422513787679,36329.22358213941,Suburban,62.80066132168886,1,0.0910233401233377,1458.9537576405144,1170.7917518486308,1.2,1404.950102218357,0.01171447775766009,1.0,1,586.6300083175555,1404.950102218357,818.3200939008015,0.95,2334.258067852036,Medium
972,57.60965323483086,51171.03402848206,Suburban,26.49257484081746,1,0.1351633280759554,873.7836570290378,841.3978821674008,1.1,925.5376703841409,-0.0026820247372942954,4.918728563144928e-99,0,491.35717433015225,0.0,-0.0,0.95,-0.0,Low
973,35.210640310464136,20000.0,Suburban,8.785708326816597,1,0.08852004802780279,1025.775851374719,727.0549388324383,1.2,872.465926598926,0.02885603389973367,1.0,1,418.945169296416,872.465926598926,453.52075730251,0.95,1293.6679602054098,Low
974,38.307248501778304,45410.14687492863,Suburban,3.2192577077467863,2,0.10467275420212126,843.3868628296084,637.5358660017743,1.1,701.2894526019518,0.003955873386557867,1.0,1,473.6034356494673,701.2894526019518,227.68601695248447,0.95,649.4743633569619,Low
975,18.0,26389.120117444392,Suburban,46.751845629861485,0,0.1578891575963967,941.2341017434192,813.4957281405765,1.2,976.1948737686918,0.021760418583651128,1.0,1,510.2692894344688,976.1948737686918,465.92558433422295,0.95,1329.052729313371,Medium
976,38.21540521126385,83004.89148440461,Suburban,19.541807959793154,0,0.1593332596506375,785.5831776351336,601.9943104285378,0.9,541.794879385684,-0.034698095757831546,1.0,1,450.22105169780065,541.794879385684,91.57382768788335,0.95,261.2143434796873,Low
977,18.0,49589.96005335529,Suburban,27.001208282399386,0,0.15238900650448603,742.2776444231249,649.1468270944439,0.9,584.2321443849995,-0.00016321925439511092,0.9999771668806675,1,454.0675928983363,584.2321443849995,130.16455148666324,0.95,371.2943831157069,Low
978,21.24145764771415,40942.702690467835,Suburban,5.689022476922091,1,0.04874872183524487,752.59073985245,579.2211653087409,0.9,521.2990487778668,0.007798821986843132,1.1262189404948147e-196,0,466.32232812645066,0.0,-0.0,0.95,-0.0,Low
979,56.40621984216446,46311.935668799,Suburban,13.94256153245207,0,0.12131504572237818,1179.3181618331114,858.6222270350073,1.0,858.6222270350073,0.002277231920593655,0.5646772936739185,1,414.58131543878045,858.6222270350073,444.04091159622686,0.95,1266.6267003282371,Low
980,56.787002379762484,22043.64374006274,Suburban,20.467250533018948,0,0.12307429263317556,1156.5609754493157,744.3684648514201,1.2,893.242157821704,0.026235298171889826,1.0,1,426.4132280245919,893.242157821704,466.82892979711215,0.95,1331.6295222462625,Low
981,51.38186342677447,81766.94497516252,Suburban,45.74157131302726,0,0.18838060968646395,632.4668835363311,792.4325929378152,0.8,633.9460743502523,-0.03377915146283881,1.0,1,485.79090380018613,633.9460743502523,148.15517055006615,0.95,422.6126239940637,Medium
982,30.495357853061805,98290.75070726693,Suburban,22.826412337237397,1,0.13964282576076822,900.0140690400256,650.3732194086529,1.0,650.3732194086529,-0.04950131380138862,0.6400896648309786,0,511.7227034215362,0.0,-0.0,0.95,-0.0,Low
983,44.2843296578703,44198.969586618616,Urban,57.93943185256401,0,0.06864748647882633,747.6017660927085,1063.8120015122206,0.8,851.0496012097765,0.0031524744173175756,1.7447911528177414e-292,0,536.6710611446033,0.0,-0.0,0.95,-0.0,Medium
984,44.945961913641476,80434.76677603213,Urban,12.798290124058237,1,0.08091152002476137,1158.633728849595,869.2404682964853,1.2,1043.0885619557823,-0.03262832521764019,0.0,0,482.147675640014,0.0,-0.0,0.95,-0.0,Low
985,27.624529662111858,27321.409392619316,Suburban,9.05582906333354,1,0.01,562.6112336931767,543.6881272366386,0.8,434.9505017893109,0.021467077189620057,0.0,0,470.0881625149072,0.0,-0.0,0.95,-0.0,Low
986,67.55097452650726,24378.16703062562,Suburban,25.213775890773576,1,0.09614252721243366,1027.6287923279515,972.8721840112224,1.0,972.8721840112224,0.024219119788358553,0.2830384253633906,1,499.35140056132593,972.8721840112224,473.5207834498965,0.95,1350.7180347908297,Low
987,58.16043435863507,37066.2590183801,Rural,24.07254090397518,1,0.08153651449503449,820.0294658917202,873.7637725730821,0.9,786.3873953157739,0.011432523829837307,0.0,0,490.2996930909895,0.0,-0.0,0.95,-0.0,Low
988,41.68553739255504,45137.58366686794,Urban,16.07537363691511,0,0.07376638319407197,428.9545869351497,723.6420806804583,0.8,578.9136645443667,0.003271670120929501,1.715079697486788e-206,0,392.58630896594116,0.0,-0.0,0.95,-0.0,Low
989,45.40328758491796,29822.149236448506,Urban,31.684428996094873,0,0.06101846628344291,1184.3437582155839,909.9268269201997,0.9,818.9341442281798,0.018492228324526728,0.0,0,480.7915428249822,0.0,-0.0,0.95,-0.0,Low
990,48.125742119213285,47518.961278692135,Urban,22.523577239081998,0,0.17685432432172052,453.80619300742364,738.6551465955722,1.2,886.3861759146866,0.0007690460397718768,1.0,1,458.9343975883999,886.3861759146866,427.4517783262867,0.95,1219.3061976757328,Low
991,18.0,42327.60450817919,Urban,19.29833252631699,1,0.01,595.9674310544876,759.8204812004565,0.8,607.8563849603652,0.00575681942963829,0.0,0,494.49304066061836,0.0,-0.0,0.95,-0.0,Low
992,41.29233926219105,22045.12156886406,Suburban,46.42980169188411,1,0.036556197756871245,551.351718458528,1014.3319272989953,1.2,1217.1983127587944,0.026225906748346694,1.0,1,555.2748814048674,1217.1983127587944,661.923431353927,0.95,1888.1365879370767,Medium
993,34.77023628003302,47070.25297042452,Urban,42.76369660208155,0,0.219334461957729,1060.3229248627936,906.640386845068,0.8,725.3123094760545,0.0008270763649443719,9.349315134593704e-66,0,520.7793801592599,0.0,-0.0,0.95,-0.0,Medium
994,29.975699851576266,55924.85095461703,Suburban,38.32475763326447,0,0.1492041826376978,678.0630920246783,681.3158159912507,0.9,613.1842343921256,-0.008334482675619691,1.0,1,466.4206632036325,613.1842343921256,146.76357118849313,0.95,418.6430868151767,Medium
995,40.78349560671067,39566.36465013274,Suburban,65.5737441456355,1,0.11529465964457128,567.416176940401,1156.9308761472919,1.1,1272.6239637620213,0.007328138087346715,1.0,1,587.3796315524536,1272.6239637620213,685.2443322095677,0.95,1954.6594576277919,Medium
996,71.96529790274283,64622.89583263125,Suburban,18.94511247335739,0,0.09976457040760565,922.603064178214,836.1830078958136,0.9,752.5647071062323,-0.016048954987523994,1.0,1,413.0690503528581,752.5647071062323,339.4956567533742,0.95,968.4113608889999,Low
997,54.61264291900515,20000.0,Rural,38.34979033559736,1,0.07074121522844339,578.2781631580929,914.7696019771726,1.0,914.7696019771726,0.0278555066076992,0.1251816393664074,0,561.4855504180096,0.0,-0.0,0.95,-0.0,Medium
998,36.432315153258045,45888.74738883562,Suburban,52.01570893634037,0,0.03617819733326627,893.1277663909796,988.1463136216323,0.8,790.5170508973059,0.0019258023455146923,2.4397859357834914e-166,0,505.6104792364438,0.0,-0.0,0.95,-0.0,Medium
999,53.58874172034238,20228.74004686106,Urban,35.774282352730594,0,0.11838234107654899,872.953783296137,863.786153723103,1.1,950.1647690954134,0.02760668849406603,1.0,1,431.296281608372,950.1647690954134,518.8684874870414,0.95,1480.0723605567857,Medium
